window_start_codon,dg_mean,gc3,csc_mean,gc_pct,interface_dg,intra_dg,gene,window_size,gene_length,dg_mean_z,gc3_z,csc_mean_z,gc_pct_z,interface_dg_z,intra_dg_z
0,-1.3237931034482757,0.2,-0.0225,0.4,-1.2950000000000002,-1.3367499999999999,brca1,10,1864,-0.2802576036080808,-0.9966857303227005,-0.3718757100419784,-0.14780034077299029,-0.13441940410638306,-0.3401890552140972
10,-1.2041379310344826,0.3,-0.027000000000000003,0.3,-1.1705555555555556,-1.2192499999999997,brca1,10,1864,1.1254844793196794,-0.3661294519552779,-0.6145357001449926,-1.3787345221361043,1.0886533307021584,1.065526921663216
20,-1.314655172413793,0.7,0.010800000000000004,0.4666666666666667,-1.362222222222222,-1.29325,brca1,10,1864,-0.1729026606755569,2.1560956615144127,1.423808216720325,0.6728224468024185,-0.7950970867484927,0.18022494473622497
30,-1.3548275862068964,0.6,0.0267,0.4666666666666667,-1.3872222222222221,-1.34025,brca1,10,1864,-0.6448592965864619,1.5255393831469901,2.281206848417641,0.6728224468024185,-1.0408036629377095,-0.38206144601469866
40,-1.263793103448276,0.5,-0.021900000000000003,0.3,-1.3244444444444445,-1.2365,brca1,10,1864,0.42463900281678846,0.8949831047795676,-0.33952104469491007,-1.3787345221361043,-0.42380714939590314,0.8591558527173954
50,-1.3706896551724137,0.6,0.013899999999999996,0.5,-1.3861111111111113,-1.3637499999999998,brca1,10,1864,-0.8312112729976359,1.5255393831469901,1.5909739876801787,1.083133840590123,-1.029883370662636,-0.6632046413901591
60,-1.1489655172413793,0.2,-0.0424,0.26666666666666666,-1.0966666666666667,-1.1724999999999999,brca1,10,1864,1.7736652668368011,-0.9966857303227005,-1.4449721107197513,-1.7890459159238086,1.8148527669947292,1.6248224273569527
70,-1.2686206896551722,0.3,-0.03780000000000001,0.4,-1.2611111111111113,-1.272,brca1,10,1864,0.36792318390904344,-0.3661294519552779,-1.1969196763922263,-0.14780034077299029,0.1986495102834423,0.4344501745970152
80,-1.206551724137931,0.3,-0.0248,0.3,-1.223888888888889,-1.19875,brca1,10,1864,1.097126569865803,-0.3661294519552779,-0.4959019272057411,-1.3787345221361043,0.5644793014984971,1.3107794963524457
90,-1.3824137931034484,0.4,-0.008799999999999999,0.4666666666666667,-1.3733333333333333,-1.3865,brca1,10,1864,-0.9689496903450266,0.264426826412145,0.36688914871608636,0.6728224468024185,-0.9043000094992569,-0.9353751815940673
100,-1.1896551724137931,0.3,-0.0334,0.26666666666666666,-1.1866666666666665,-1.191,brca1,10,1864,1.2956319360429223,-0.3661294519552779,-0.9596521305137233,-1.7890459159238086,0.9303090927135542,1.4034969331252036
110,-1.1758620689655173,0.1,-0.034199999999999994,0.3,-1.1094444444444445,-1.2057499999999999,brca1,10,1864,1.4576771329222034,-1.627242008690123,-1.0027916843098144,-1.3787345221361043,1.6892694058313522,1.2270347147512455
120,-1.2436206896551723,0.5,0.013699999999999999,0.4,-1.2661111111111112,-1.2334999999999998,brca1,10,1864,0.6616301032527387,0.8949831047795676,1.580189099231156,-0.14780034077299029,0.1495081950456002,0.8950464734036259
130,-1.3460344827586206,0.3,-0.015199999999999997,0.43333333333333335,-1.2999999999999998,-1.36675,brca1,10,1864,-0.5415554835759214,-0.3661294519552779,0.0217727183473555,0.2625110530147141,-0.18356071934422297,-0.6990952620763897
140,-1.3856896551724138,0.5,0.0083,0.5,-1.376111111111111,-1.39,brca1,10,1864,-1.007435424603855,0.8949831047795676,1.2889971111075393,1.083133840590123,-0.9316007401869475,-0.9772475723946661
150,-1.342586206896552,0.4,0.0049999999999999975,0.4666666666666667,-1.3405555555555555,-1.3435,brca1,10,1864,-0.5010441843561051,0.264426826412145,1.1110464516986622,0.6728224468024185,-0.5821513873845073,-0.42094295175811336
160,-1.4220689655172414,0.6,0.0048000000000000004,0.5333333333333333,-1.422222222222222,-1.4219999999999997,brca1,10,1864,-1.4348296313729576,1.5255393831469901,1.1002615632496395,1.4934452343778273,-1.3847928696026108,-1.360080859714442
170,-1.2703448275862068,0.4,-0.007400000000000002,0.36666666666666664,-1.3016666666666667,-1.25625,brca1,10,1864,0.3476675342991314,0.264426826412145,0.4423833678592461,-0.5581117345606954,-0.1999411577568399,0.6228759331997178
180,-1.2322413793103446,0.2,-0.0183,0.4,-1.1505555555555556,-1.2690000000000001,brca1,10,1864,0.795317390678146,-0.9966857303227005,-0.14539305261249877,-0.14780034077299029,1.285218591653531,0.4703407952832431
190,-1.3084482758620692,0.3,-0.022899999999999997,0.4,-1.2538888888888888,-1.333,brca1,10,1864,-0.09998232207988589,-0.3661294519552779,-0.39344548694002396,-0.14780034077299029,0.2696314100714403,-0.29532577935631166
200,-1.2589655172413794,0.3,-0.0206,0.36666666666666664,-1.2366666666666666,-1.2690000000000001,brca1,10,1864,0.48135482172453603,-0.3661294519552779,-0.26941926977626146,-0.5581117345606954,0.43889594033512247,0.4703407952832431
210,-1.3158620689655174,0.4,-0.0108,0.43333333333333335,-1.331111111111111,-1.3089999999999997,brca1,10,1864,-0.1870816154024977,0.264426826412145,0.2590402642258578,0.2625110530147141,-0.4893289030463578,-0.00820081386647496
220,-1.3208620689655173,0.2,-0.0193,0.4,-1.2266666666666668,-1.3632499999999999,brca1,10,1864,-0.24582299927123571,-0.9966857303227005,-0.19931749485761302,-0.14780034077299029,0.5371785708108067,-0.6572228712757883
230,-1.2489655172413796,0.1,-0.045599999999999995,0.3333333333333333,-1.1866666666666665,-1.277,brca1,10,1864,0.598837589462012,-1.627242008690123,-1.6175303259041165,-0.9684231283483998,0.9303090927135542,0.3746324734533011
240,-1.2620689655172415,0.5,-0.0045000000000000005,0.4,-1.2577777777777779,-1.2639999999999998,brca1,10,1864,0.4448946524266979,0.8949831047795676,0.5987642503700774,-0.14780034077299029,0.23141038710867182,0.5301584964269624
250,-1.4575862068965515,0.4,-0.0016000000000000007,0.5333333333333333,-1.4055555555555557,-1.481,brca1,10,1864,-1.852096013337103,0.264426826412145,0.7551451328809086,1.4934452343778273,-1.2209884854764697,-2.065929733210288
260,-1.2786206896551726,0.3,-0.0259,0.36666666666666664,-1.2933333333333337,-1.272,brca1,10,1864,0.2504404161715596,-0.3661294519552779,-0.5552188136753667,-0.5581117345606954,-0.1180389656937705,0.4344501745970152
270,-1.428103448275862,0.4,-0.0072,0.5333333333333333,-1.3555555555555554,-1.4607499999999998,brca1,10,1864,-1.5057244050076435,0.264426826412145,0.453168256308269,1.4934452343778273,-0.7295753330980358,-1.8236680435782369
280,-1.3263793103448278,0.5,-0.021699999999999997,0.4,-1.3950000000000002,-1.2954999999999999,brca1,10,1864,-0.3106410780229502,0.8949831047795676,-0.3287361562458869,-0.14780034077299029,-1.1172457088632466,0.15330697922155467
290,-1.1689655172413793,0.3,-0.0334,0.3,-1.1688888888888889,-1.169,brca1,10,1864,1.5386997313618438,-0.3661294519552779,-0.9596521305137233,-1.3787345221361043,1.1050337691147731,1.6666948181575514
300,-1.2289655172413794,0.4,-0.0032000000000000015,0.3333333333333333,-1.2138888888888888,-1.23575,brca1,10,1864,0.833803124936972,0.264426826412145,0.6688660252887259,-0.9684231283483998,0.6627619319741856,0.8681285078889529
310,-1.405344827586207,0.4,-0.016399999999999998,0.5,-1.357222222222222,-1.4269999999999998,brca1,10,1864,-1.2383498301568316,0.264426826412145,-0.04293661234678164,1.083133840590123,-0.7459557715106505,-1.419898560858159
320,-1.2979310344827586,0.2,-0.0278,0.4,-1.2516666666666667,-1.31875,brca1,10,1864,0.023577140540569246,-0.9966857303227005,-0.6576752539410837,-0.14780034077299029,0.29147199462159185,-0.12484533109672434
330,-1.4227586206896552,0.5,-0.010700000000000001,0.5,-1.4716666666666667,-1.4007500000000002,brca1,10,1864,-1.442931891216922,0.8949831047795676,0.2644327084503692,1.083133840590123,-1.8707458758435056,-1.1058556298536573
340,-1.3689655172413793,0.4,-0.0027999999999999995,0.5,-1.345,-1.37975,brca1,10,1864,-0.8109556233877264,0.264426826412145,0.6904358021867716,1.083133840590123,-0.6258325564848126,-0.8546212850500512
350,-1.2943103448275861,0.5,-0.0061,0.4,-1.2877777777777777,-1.2972499999999998,brca1,10,1864,0.06611400472138124,0.8949831047795676,0.5124851427778946,-0.14780034077299029,-0.06343750431838506,0.13237078382125528
360,-1.219655172413793,0.1,-0.0316,0.36666666666666664,-1.1516666666666668,-1.2502499999999999,brca1,10,1864,0.9431836328304889,-1.627242008690123,-0.8625881344725179,-0.5581117345606954,1.274298299378453,0.6946571745721789
370,-1.26,0.4,-0.0247,0.4,-1.2483333333333335,-1.26525,brca1,10,1864,0.4692014319585909,0.264426826412145,-0.4905094829812297,-0.14780034077299029,0.32423287144681917,0.5152040711410313
380,-1.2451724137931037,0.3,-0.030199999999999998,0.3333333333333333,-1.2594444444444446,-1.23875,brca1,10,1864,0.6434000186038145,-0.3661294519552779,-0.7870939153293578,-0.9684231283483998,0.21502994869605704,0.8322378872027224
390,-1.281551724137931,0.2,-0.0295,0.4,-1.257222222222222,-1.2925,brca1,10,1864,0.21600581183471454,-0.9966857303227005,-0.7493468057577779,-0.14780034077299029,0.23687053324621296,0.1891975999077826
400,-1.3587931034482759,0.3,-0.0262,0.4666666666666667,-1.29,-1.3897500000000003,brca1,10,1864,-0.6914472906892574,-0.3661294519552779,-0.5713961463489011,0.6728224468024185,-0.0852780888685388,-0.9742566873374846
410,-1.2360344827586207,0.3,-0.0444,0.36666666666666664,-1.2155555555555557,-1.24525,brca1,10,1864,0.750754961536341,-0.3661294519552779,-1.5528209952099798,-0.5581117345606954,0.6463814935615687,0.754474875715893
420,-1.1698275862068968,0.2,-0.0342,0.3333333333333333,-1.1322222222222222,-1.1867500000000002,brca1,10,1864,1.5285719065568864,-0.9966857303227005,-1.0027916843098148,-0.9684231283483998,1.4654034141922891,1.4543419790973602
430,-1.3689655172413795,0.3,-0.027499999999999997,0.4666666666666667,-1.3322222222222224,-1.3855,brca1,10,1864,-0.810955623387729,-0.3661294519552779,-0.6414979212675493,0.6728224468024185,-0.500249195321438,-0.9234116413653228
440,-1.1944827586206896,0.2,-0.0365,0.3,-1.181111111111111,-1.2005,brca1,10,1864,1.2389161171351746,-0.9966857303227005,-1.1268179014735773,-1.3787345221361043,0.9849105540889352,1.2898433009521464
450,-1.1268965517241378,0.2,-0.052700000000000004,0.26666666666666666,-1.126111111111111,-1.12725,brca1,10,1864,2.0329375818436515,-0.9966857303227005,-2.000393865844428,-1.7890459159238086,1.525465021705209,2.1661726227075744
460,-1.3512068965517245,0.6,-0.004900000000000001,0.4666666666666667,-1.3433333333333333,-1.35475,brca1,10,1864,-0.6023224324056577,1.5255393831469901,0.5771944734720317,0.6728224468024185,-0.6094521180721979,-0.5555327793314727
470,-1.302413793103448,0.4,-0.0169,0.4,-1.298888888888889,-1.304,brca1,10,1864,-0.029087548445194882,0.264426826412145,-0.06989883346933877,-0.14780034077299029,-0.17264042706914937,0.05161688727723648
480,-1.2270689655172418,0.1,-0.051000000000000004,0.36666666666666664,-1.1188888888888888,-1.27575,brca1,10,1864,0.8560843395078692,-1.627242008690123,-1.9087223140277338,-0.5581117345606954,1.5964469214932049,0.3895868987392296
490,-1.3234482758620691,0.4,-0.020800000000000003,0.43333333333333335,-1.3072222222222223,-1.33075,brca1,10,1864,-0.2762064736861025,0.264426826412145,-0.28020415822528444,0.2625110530147141,-0.254542619132221,-0.26840781384164136
500,-1.2181034482758624,0.2,-0.0413,0.3333333333333333,-1.1666666666666667,-1.2412500000000002,brca1,10,1864,0.9614137174794027,-0.9966857303227005,-1.3856552242501259,-0.9684231283483998,1.1268743536649248,0.8023290366308626
510,-1.2813793103448274,0.4,-0.0024999999999999996,0.4,-1.2849999999999997,-1.27975,brca1,10,1864,0.21803137679570755,0.264426826412145,0.7066131348603059,-0.14780034077299029,-0.03613677363069235,0.3417327378242573
520,-1.347241379310345,0.2,-0.023,0.43333333333333335,-1.267777777777778,-1.383,brca1,10,1864,-0.5557344383028623,-0.9966857303227005,-0.39883793116453553,0.2625110530147141,0.13312775663298546,-0.8935027907934658
530,-1.2724137931034485,0.5,-0.009600000000000001,0.4,-1.2822222222222222,-1.268,brca1,10,1864,0.3233607547672358,0.8949831047795676,0.32374959491999483,-0.14780034077299029,-0.008836042943004,0.4823043355119875
540,-1.1805172413793104,0.3,-0.023400000000000004,0.3,-1.1294444444444443,-1.2035,brca1,10,1864,1.402986878975446,-0.3661294519552779,-0.4204077080625815,-1.3787345221361043,1.4927041448799818,1.2539526802659158
550,-1.23448275862069,0.1,-0.0402,0.3333333333333333,-1.2011111111111112,-1.2495,brca1,10,1864,0.7689850461852574,-1.627242008690123,-1.3263383377805,-0.9684231283483998,0.7883452931375604,0.7036298297437339
560,-1.2001724137931036,0.3,-0.017,0.3333333333333333,-1.165,-1.2159999999999997,brca1,10,1864,1.1720724734224697,-0.3661294519552779,-0.07529127769385034,-0.9684231283483998,1.1432547920775396,1.1044084274066306
570,-1.2155172413793103,0.2,-0.021600000000000005,0.3333333333333333,-1.1816666666666669,-1.23075,brca1,10,1864,0.9917971918942722,-0.9966857303227005,-0.3233437120213759,-0.9684231283483998,0.9794504079513942,0.927946209032667
580,-1.3281034482758622,0.3,-0.022700000000000005,0.4,-1.3111111111111111,-1.33575,brca1,10,1864,-0.3308967276328597,-0.3661294519552779,-0.38266059849100154,-0.14780034077299029,-0.2927636420949873,-0.32822551498535546
590,-1.1213793103448277,0.4,-0.0248,0.26666666666666666,-1.1544444444444446,-1.1065,brca1,10,1864,2.0977556605953604,0.264426826412145,-0.4959019272057411,-1.7890459159238086,1.2469975686907626,2.4144160824539935
600,-1.2127586206896552,0.3,-0.028800000000000003,0.3333333333333333,-1.1272222222222221,-1.25125,brca1,10,1864,1.0242062312701268,-0.3661294519552779,-0.7115996961861981,-0.9684231283483998,1.5145447294301333,0.6826936343434344
610,-1.3353448275862068,0.6,-0.0007999999999999986,0.4666666666666667,-1.3694444444444445,-1.3199999999999998,brca1,10,1864,-0.41597045599447846,1.5255393831469901,0.798284686677,0.6728224468024185,-0.8660789865364906,-0.13979975638265021
620,-1.2882758620689652,0.2,-0.0402,0.4,-1.2416666666666665,-1.30925,brca1,10,1864,0.13700877835606964,-0.9966857303227005,-1.3263383377805,-0.14780034077299029,0.38975462509728037,-0.011191698923664384
630,-1.2931034482758623,0.2,-0.0298,0.4,-1.2483333333333335,-1.31325,brca1,10,1864,0.08029295944831423,-0.9966857303227005,-0.7655241384313122,-0.14780034077299029,0.32423287144681917,-0.05904585983863672
640,-1.2089655172413794,0.2,-0.0373,0.3333333333333333,-1.2233333333333332,-1.2025000000000001,brca1,10,1864,1.0687686604119293,-0.9966857303227005,-1.1699574552696688,-0.9684231283483998,0.5699394476360383,1.2659162204946575
650,-1.2468965517241377,0.6,0.013099999999999997,0.3333333333333333,-1.3233333333333333,-1.2125,brca1,10,1864,0.6231443689939102,1.5255393831469901,1.5478344338840875,-0.9684231283483998,-0.4128868571208252,1.1462808182072293
660,-1.3898275862068965,0.6,0.0060999999999999995,0.4666666666666667,-1.4777777777777779,-1.3502499999999997,brca1,10,1864,-1.0560489836676383,1.5255393831469901,1.170363338168288,0.6728224468024185,-1.9308074833564257,-0.5016968483021268
670,-1.3786206896551725,0.3,-0.0025000000000000014,0.5,-1.2833333333333334,-1.4215,brca1,10,1864,-0.9243872612032242,-0.3661294519552779,0.7066131348603057,1.083133840590123,-0.01975633521808196,-1.354099089600074
680,-1.2541379310344827,0.3,-0.023700000000000002,0.3333333333333333,-1.2572222222222222,-1.25275,brca1,10,1864,0.5380706406322863,-0.3661294519552779,-0.43658504073611565,-0.9684231283483998,0.2368705332462108,0.6647483240003192
690,-1.3812068965517241,0.5,0.0104,0.5,-1.4088888888888889,-1.36875,brca1,10,1864,-0.9547707356180885,0.8949831047795676,1.4022384398222791,1.083133840590123,-1.253749362301697,-0.7230223425338759
700,-1.252413793103448,0.1,-0.0403,0.3333333333333333,-1.1666666666666667,-1.2910000000000001,brca1,10,1864,0.5583262902421983,-1.627242008690123,-1.3317307820050115,-0.9684231283483998,1.1268743536649248,0.20714291025089523
710,-1.196206896551724,0.2,-0.0273,0.3,-1.1972222222222222,-1.1957499999999999,brca1,10,1864,1.218660467525265,-0.9966857303227005,-0.6307130328185268,-1.3787345221361043,0.8265663161003289,1.3466701170386763
720,-1.2882758620689656,0.2,-0.0199,0.4,-1.27,-1.2964999999999998,brca1,10,1864,0.13700877835606443,-0.9966857303227005,-0.23167216020468157,-0.14780034077299029,0.11128717208283391,0.14134343899281293
730,-1.1639655172413792,0.2,-0.039099999999999996,0.3,-1.1127777777777779,-1.1869999999999998,brca1,10,1864,1.5974411152305843,-0.9966857303227005,-1.2670214513108742,-1.3787345221361043,1.6565085290061228,1.4513510940401786
740,-1.260344827586207,0.3,-0.0086,0.4,-1.205,-1.28525,brca1,10,1864,0.4651503020366074,-0.3661294519552779,0.3776740371651091,-0.14780034077299029,0.7501242701747941,0.2759332665661696
750,-1.2936206896551725,0.3,-0.0385,0.36666666666666664,-1.2911111111111113,-1.29475,brca1,10,1864,0.07421626456534294,-0.3661294519552779,-1.2346667859638059,-0.5581117345606954,-0.09619838114361676,0.16227963439310966
760,-1.210344827586207,0.2,-0.0387,0.36666666666666664,-1.1672222222222222,-1.22975,brca1,10,1864,1.0525641407240005,-0.9966857303227005,-1.2454516744128286,-0.5581117345606954,1.1214142075273879,0.9399097492614115
770,-1.3258620689655172,0.3,-0.0191,0.4666666666666667,-1.2888888888888888,-1.3424999999999998,brca1,10,1864,-0.30456438313997375,-0.3661294519552779,-0.18853260640859007,0.6728224468024185,-0.07435779659346084,-0.40897941152936895
780,-1.2779310344827588,0.4,-0.0107,0.4,-1.277777777777778,-1.278,brca1,10,1864,0.25854267601552394,0.264426826412145,0.2644327084503693,-0.14780034077299029,0.03484512615729911,0.3626689332245567
790,-1.2644827586206895,0.2,-0.042100000000000005,0.36666666666666664,-1.202777777777778,-1.2922500000000001,brca1,10,1864,0.4165367429728267,-0.9966857303227005,-1.4287947780462174,-0.5581117345606954,0.7719648547249457,0.1921884849649667
800,-1.3575862068965516,0.3,-0.023400000000000004,0.43333333333333335,-1.3055555555555556,-1.3809999999999998,brca1,10,1864,-0.6772683359623192,-0.3661294519552779,-0.4204077080625815,0.2625110530147141,-0.2381621807196062,-0.869575710335977
810,-1.3389655172413795,0.3,-0.015299999999999998,0.43333333333333335,-1.3072222222222223,-1.35325,brca1,10,1864,-0.4585073201752931,-0.3661294519552779,0.016380274122844016,0.2625110530147141,-0.254542619132221,-0.5375874689883601
820,-1.18,0.3,-0.0251,0.3333333333333333,-1.1377777777777776,-1.1989999999999998,brca1,10,1864,1.40906357385842,-0.3661294519552779,-0.5120792598792755,-0.9684231283483998,1.4108019528169102,1.3077886112952617
830,-1.293793103448276,0.3,-0.0248,0.4,-1.2722222222222221,-1.3034999999999999,brca1,10,1864,0.07219069960435252,-0.3661294519552779,-0.4959019272057411,-0.14780034077299029,0.08944658753268235,0.057598657391610006
840,-1.2993103448275862,0.3,-0.029300000000000003,0.4,-1.2877777777777777,-1.3044999999999998,brca1,10,1864,0.007372620852640619,-0.3661294519552779,-0.7385619173087553,-0.14780034077299029,-0.06343750431838506,0.04563511716286825
850,-1.2579310344827586,0.3,-0.022099999999999998,0.36666666666666664,-1.2255555555555557,-1.2725000000000002,brca1,10,1864,0.4935082114904838,-0.3661294519552779,-0.35030593314393266,-0.5581117345606954,0.5480988630858824,0.4284684044826416
860,-1.3858620689655174,0.5,0.0031999999999999967,0.43333333333333335,-1.4044444444444444,-1.3775000000000002,brca1,10,1864,-1.009460989564848,0.8949831047795676,1.0139824556574568,0.2625110530147141,-1.2100681932013917,-0.8277033195353809
870,-1.3272413793103446,0.2,-0.03860000000000001,0.43333333333333335,-1.2561111111111112,-1.3592499999999998,brca1,10,1864,-0.32076890282789977,-0.9966857303227005,-1.2400592301883178,0.2625110530147141,0.24779082552128656,-0.609368710360816
880,-1.4224137931034486,0.4,0.0003000000000000024,0.5333333333333333,-1.3327777777777778,-1.46275,brca1,10,1864,-1.4388807612949437,0.264426826412145,0.8576015731466257,1.4934452343778273,-0.5057093414589747,-1.8475951240357258
890,-1.2431034482758623,0.3,-0.023000000000000003,0.3333333333333333,-1.2188888888888887,-1.254,brca1,10,1864,0.6677067981357074,-0.3661294519552779,-0.39883793116453575,-0.9684231283483998,0.6136206167363436,0.6497938987143906
900,-1.1996551724137932,0.1,-0.0379,0.26666666666666666,-1.1800000000000002,-1.2085000000000004,brca1,10,1864,1.1781491683054435,-1.627242008690123,-1.2023121206167375,-1.7890459159238086,0.9958308463640089,1.1941349791221962
910,-1.2313793103448276,0.4,-0.008499999999999999,0.36666666666666664,-1.232222222222222,-1.231,brca1,10,1864,0.8054452154830981,0.264426826412145,0.38306648138962063,-0.5581117345606954,0.48257710943542775,0.9249553239754803
920,-1.3162068965517242,0.3,-0.012599999999999997,0.43333333333333335,-1.2394444444444446,-1.3507500000000001,brca1,10,1864,-0.19113274532447855,-0.3661294519552779,0.16197626818465244,0.2625110530147141,0.41159520964742974,-0.5076786184165031
930,-1.332586206896552,0.3,-0.013800000000000003,0.43333333333333335,-1.3016666666666667,-1.3464999999999998,brca1,10,1864,-0.3835614166186264,-0.3661294519552779,0.09726693749051503,0.2625110530147141,-0.1999411577568399,-0.45683357244434125
940,-1.2858620689655171,0.3,-0.0154,0.4,-1.2555555555555555,-1.2994999999999997,brca1,10,1864,0.16536668780994082,-0.3661294519552779,0.010987829898332439,-0.14780034077299029,0.25325097165882554,0.105452818306585
950,-1.275689655172414,0.4,-0.0179,0.43333333333333335,-1.2466666666666666,-1.2887499999999998,brca1,10,1864,0.2848750205084073,0.264426826412145,-0.12382327571445303,0.2625110530147141,0.3406133098594361,0.23406087576557083
960,-1.2463793103448275,0.2,-0.0189,0.3333333333333333,-1.2166666666666666,-1.25975,brca1,10,1864,0.6292210638768815,-0.9966857303227005,-0.1777477179595673,-0.9684231283483998,0.6354612012864952,0.5810035423991189
970,-1.2206896551724136,0.1,-0.047799999999999995,0.3333333333333333,-1.161111111111111,-1.2475,brca1,10,1864,0.9310302430645437,-1.627242008690123,-1.7361640988433678,-0.9684231283483998,1.181475815040308,0.72755691020122
980,-1.3193103448275862,0.3,-0.0171,0.4,-1.3122222222222222,-1.3225,brca1,10,1864,-0.22759291462231665,-0.3661294519552779,-0.08068372191836173,-0.14780034077299029,-0.3036839343700631,-0.16970860695450993
990,-1.1268965517241378,0.3,-0.028600000000000004,0.26666666666666666,-1.1111111111111112,-1.134,brca1,10,1864,2.0329375818436515,-0.3661294519552779,-0.7008148077371754,-1.7890459159238086,1.6728889674187375,2.0854187261635606
1000,-1.2782758620689656,0.3,-0.0218,0.36666666666666664,-1.268888888888889,-1.2825,brca1,10,1864,0.2544915460935431,-0.3661294519552779,-0.3341286004703985,-0.5581117345606954,0.12220746435790968,0.3088330021952134
1010,-1.2531034482758623,0.3,-0.018499999999999996,0.36666666666666664,-1.2372222222222222,-1.2602499999999999,brca1,10,1864,0.5502240303982288,-0.3661294519552779,-0.15617794106152136,-0.5581117345606954,0.4334357941975835,0.575021772284748
1020,-1.278275862068965,0.4,-0.0113,0.4,-1.2577777777777779,-1.2874999999999999,brca1,10,1864,0.2544915460935509,0.264426826412145,0.23207804310330077,-0.14780034077299029,0.23141038710867182,0.24901530105149935
1030,-1.1855172413793105,0.2,-0.0329,0.3,-1.1066666666666667,-1.2209999999999999,brca1,10,1864,1.3442454951067055,-0.9966857303227005,-0.9326899093911662,-1.3787345221361043,1.7165701365190429,1.0445907262629137
1040,-1.216896551724138,0.2,-0.0363,0.3333333333333333,-1.1838888888888888,-1.23175,brca1,10,1864,0.9755926722063435,-0.9966857303227005,-1.1160330130245546,-0.9684231283483998,0.9576098234012448,0.9159826688039253
1050,-1.2413793103448274,0.3,-0.017899999999999996,0.36666666666666664,-1.2461111111111112,-1.23925,brca1,10,1864,0.6879624477456221,-0.3661294519552779,-0.12382327571445284,-0.5581117345606954,0.3460734559969729,0.8262561170883514
1060,-1.2725862068965517,0.2,-0.028900000000000002,0.36666666666666664,-1.2377777777777779,-1.2882500000000001,brca1,10,1864,0.321335189806248,-0.9966857303227005,-0.7169921404107096,-0.5581117345606954,0.4279756480600445,0.24004264587993904
1070,-1.2915517241379306,0.3,-0.030400000000000003,0.43333333333333335,-1.2461111111111112,-1.312,brca1,10,1864,0.09852304409724111,-0.3661294519552779,-0.7978788037783809,0.2625110530147141,0.3460734559969729,-0.0440914345527082
1080,-1.283448275862069,0.3,-0.0356,0.36666666666666664,-1.2627777777777778,-1.29275,brca1,10,1864,0.19372459726381203,-0.3661294519552779,-1.0782859034529746,-0.5581117345606954,0.18226907187082972,0.18620671485059584
1090,-1.2868965517241382,0.2,-0.019200000000000002,0.43333333333333335,-1.2277777777777779,-1.3135,brca1,10,1864,0.15321329804399045,-0.9966857303227005,-0.19392505063310164,0.2625110530147141,0.5262582785357308,-0.06203674489582083
1100,-1.1448275862068966,0.2,-0.0372,0.26666666666666666,-1.1033333333333333,-1.1635000000000002,brca1,10,1864,1.8222788259005844,-0.9966857303227005,-1.1645650110451573,-1.7890459159238086,1.7493310133442723,1.7324942894156365
1110,-1.2153448275862069,0.1,-0.0392,0.3333333333333333,-1.14,-1.24925,brca1,10,1864,0.9938227568552626,-1.627242008690123,-1.2724138955353859,-0.9684231283483998,1.3889613682667565,0.7066207148009207
1120,-1.1525862068965518,0.2,-0.030000000000000006,0.3,-1.1383333333333332,-1.159,brca1,10,1864,1.731128402655989,-0.9966857303227005,-0.7763090268803353,-1.3787345221361043,1.4053418066793713,1.7863302204449822
1130,-1.2389655172413794,0.3,-0.0241,0.4,-1.188888888888889,-1.2615,brca1,10,1864,0.7163203571994933,-0.3661294519552779,-0.4581548176341612,-0.14780034077299029,0.9084685081633983,0.5600673469988169
1140,-1.359655172413793,0.2,-0.0184,0.4666666666666667,-1.2777777777777777,-1.3965,brca1,10,1864,-0.701575115494212,-0.9966857303227005,-0.15078549683701015,0.6728224468024185,0.03484512615730129,-1.055010583881498
1150,-1.219137931034483,0.3,-0.0283,0.36666666666666664,-1.193888888888889,-1.2305000000000001,brca1,10,1864,0.9492603277134576,-0.3661294519552779,-0.6846374750636408,-0.5581117345606954,0.8593271929255563,0.9309370940898511
1160,-1.2010344827586206,0.1,-0.034600000000000006,0.3,-1.1355555555555554,-1.2305000000000001,brca1,10,1864,1.1619446486175176,-1.627242008690123,-1.0243614612078606,-1.3787345221361043,1.4326425373670617,0.9309370940898511
1170,-1.2636206896551725,0.3,-0.015200000000000002,0.36666666666666664,-1.2344444444444445,-1.2767500000000003,brca1,10,1864,0.4266645677777789,-0.3661294519552779,0.021772718347355217,-0.5581117345606954,0.460736524885274,0.3776233585104825
1180,-1.4077586206896553,0.5,0.002799999999999998,0.5333333333333333,-1.395,-1.4134999999999998,brca1,10,1864,-1.2667077396107054,0.8949831047795676,0.992412678759411,1.4934452343778273,-1.1172457088632444,-1.2583907677701265
1190,-1.3886206896551725,0.5,0.009299999999999998,0.5,-1.3788888888888888,-1.393,brca1,10,1864,-1.0418700289407028,0.8949831047795676,1.3429215533526533,1.083133840590123,-0.958901470874638,-1.0131381930808967
1200,-1.3665517241379308,0.5,-0.006,0.5,-1.3272222222222223,-1.38425,brca1,10,1864,-0.78259771393385,0.8949831047795676,0.517877587002406,1.083133840590123,-0.45110788008359365,-0.9084572160793943
1210,-1.2517241379310347,0.4,-0.014799999999999999,0.4,-1.2644444444444445,-1.246,brca1,10,1864,0.5664285500861574,0.264426826412145,0.043342495245401055,-0.14780034077299029,0.16588863345821497,0.7455022205443353
1220,-1.375,0.6,0.0058,0.4666666666666667,-1.4327777777777777,-1.349,brca1,10,1864,-0.8818503970224122,1.5255393831469901,1.1541860054947537,0.6728224468024185,-1.4885356462158361,-0.48674242301620096
1230,-1.1513793103448275,0.2,-0.04050000000000001,0.3,-1.086666666666667,-1.1804999999999999,brca1,10,1864,1.7453073573829272,-0.9966857303227005,-1.3425156704540346,-1.3787345221361043,1.9131353974704133,1.529114105527008
1240,-1.4151724137931034,0.5,0.012,0.5333333333333333,-1.3966666666666667,-1.4235000000000002,brca1,10,1864,-1.3538070329333172,0.8949831047795676,1.4885175474144619,1.4934452343778273,-1.133626147275859,-1.3780261700575627
1250,-1.2534482758620689,0.5,-0.009899999999999997,0.36666666666666664,-1.2927777777777778,-1.23575,brca1,10,1864,0.5461729004762506,0.8949831047795676,0.3075722622464608,-0.5581117345606954,-0.11257881955622932,0.8681285078889529
1260,-1.1556896551724138,0.5,-0.03149999999999999,0.3,-1.1477777777777778,-1.15925,brca1,10,1864,1.6946682333581509,0.8949831047795676,-0.857195690248006,-1.3787345221361043,1.3125193223412217,1.7833393353877982
1270,-1.3001724137931037,0.4,-0.029400000000000003,0.4,-1.2583333333333333,-1.319,brca1,10,1864,-0.0027552039523167297,0.264426826412145,-0.7439543615332667,-0.14780034077299029,0.225950240971135,-0.12783621615390844
1280,-1.2917241379310345,0.3,-0.016900000000000002,0.4,-1.281111111111111,-1.2965,brca1,10,1864,0.09649747913624547,-0.3661294519552779,-0.06989883346933895,-0.14780034077299029,0.0020842493320717766,0.14134343899281027
1290,-1.3270689655172414,0.4,-0.010600000000000004,0.43333333333333335,-1.2922222222222222,-1.3427499999999999,brca1,10,1864,-0.31874333786691195,0.264426826412145,0.2698251526748805,0.2625110530147141,-0.10711867341869034,-0.4119702965865557
1300,-1.2803448275862066,0.3,-0.0318,0.36666666666666664,-1.2472222222222222,-1.29525,brca1,10,1864,0.23018476656165535,-0.3661294519552779,-0.8733730229215407,-0.5581117345606954,0.33515316372189713,0.1562978642787388
1310,-1.3296551724137933,0.5,0.012700000000000003,0.43333333333333335,-1.353888888888889,-1.31875,brca1,10,1864,-0.3491268122817788,0.8949831047795676,1.526264656986042,0.2625110530147141,-0.7131948946854232,-0.12484533109672434
1320,-1.3239655172413793,0.5,-0.0008,0.43333333333333335,-1.3399999999999999,-1.31675,brca1,10,1864,-0.2822831685690738,0.8949831047795676,0.7982846866769999,0.2625110530147141,-0.5766912412469684,-0.10091825063923818
1330,-1.372241379310345,0.5,-0.00010000000000000182,0.5,-1.3566666666666665,-1.37925,brca1,10,1864,-0.8494413576465576,0.8949831047795676,0.8360317962485799,1.083133840590123,-0.7404956253731115,-0.8486395149356802
1340,-1.3415517241379313,0.2,-0.025099999999999994,0.4666666666666667,-1.2533333333333334,-1.38125,brca1,10,1864,-0.48889079459015994,-0.9966857303227005,-0.512079259879275,0.6728224468024185,0.2750915562089771,-0.8725665953931664
1350,-1.2181034482758621,0.3,-0.026099999999999995,0.3333333333333333,-1.178888888888889,-1.23575,brca1,10,1864,0.9614137174794053,-0.3661294519552779,-0.5660037021243893,-0.9684231283483998,1.0067511386390846,0.8681285078889529
1360,-1.3122413793103451,0.2,-0.0309,0.4,-1.2461111111111112,-1.342,brca1,10,1864,-0.1445447512216883,-0.9966857303227005,-0.8248410249009379,-0.14780034077299029,0.3460734559969729,-0.4029976414150007
1370,-1.4101724137931035,0.4,-0.0092,0.5,-1.4300000000000002,-1.4012499999999999,brca1,10,1864,-1.295065649064579,0.264426826412145,0.3453193718180406,1.083133840590123,-1.4612349155281477,-1.1118373999680256
1380,-1.4034482758620688,0.6,0.005299999999999997,0.5666666666666667,-1.4188888888888889,-1.3965,brca1,10,1864,-1.2160686155859264,1.5255393831469901,1.1272237843721966,1.9037566281655318,-1.3520319927773834,-1.055010583881498
1390,-1.3075862068965518,0.6,0.001200000000000001,0.43333333333333335,-1.3283333333333334,-1.29825,brca1,10,1864,-0.08985449727492854,1.5255393831469901,0.9061335711672284,0.2625110530147141,-0.46202817235866944,0.12040724359251087
1400,-1.3377586206896552,0.6,0.007299999999999998,0.43333333333333335,-1.3705555555555557,-1.323,brca1,10,1864,-0.4443283654483549,1.5255393831469901,1.235072668862425,0.2625110530147141,-0.8769992788115686,-0.1756903770688808
1410,-1.3086206896551722,0.3,-0.0205,0.43333333333333335,-1.251111111111111,-1.3344999999999998,brca1,10,1864,-0.1020078870408711,-0.3661294519552779,-0.26402682555175006,0.2625110530147141,0.2969321407591308,-0.31327108969942424
1420,-1.4577586206896553,0.6,0.022700000000000005,0.5666666666666667,-1.4827777777777778,-1.4465,brca1,10,1864,-1.8541215782980986,1.5255393831469901,2.0655090794371844,1.9037566281655318,-1.9799487985942679,-1.6531875953186497
1430,-1.3275862068965518,0.5,0.008299999999999998,0.4666666666666667,-1.353888888888889,-1.31575,brca1,10,1864,-0.3248200327498858,0.8949831047795676,1.2889971111075393,0.6728224468024185,-0.7131948946854232,-0.08895471041049377
1440,-1.3967241379310347,0.3,-0.0165,0.4666666666666667,-1.3611111111111112,-1.41275,brca1,10,1864,-1.1370715821072817,-0.3661294519552779,-0.04832905657129321,0.6728224468024185,-0.784176794473419,-1.2494181125985715
1450,-1.1910344827586206,0.1,-0.057499999999999996,0.3,-1.0999999999999999,-1.232,brca1,10,1864,1.2794274163549961,-1.627242008690123,-2.2592311886209755,-1.3787345221361043,1.782091890169502,0.9129917837467385
1460,-1.2596551724137932,0.3,-0.0194,0.4,-1.277222222222222,-1.25175,brca1,10,1864,0.47325256188057174,-0.3661294519552779,-0.20470993908212443,-0.14780034077299029,0.040305272294840266,0.6767118642290636
1470,-1.4051724137931034,0.5,0.0108,0.5,-1.4188888888888889,-1.399,brca1,10,1864,-1.2363242651958386,0.8949831047795676,1.423808216720325,1.083133840590123,-1.3520319927773834,-1.0849194344533553
1480,-1.1667241379310345,0.1,-0.040100000000000004,0.3,-1.0855555555555556,-1.20325,brca1,10,1864,1.5650320758547271,-1.627242008690123,-1.3209458935559888,-1.3787345221361043,1.9240556897454912,1.2569435653231025
1490,-1.3686206896551723,0.3,-0.015200000000000002,0.5,-1.335,-1.3837499999999998,brca1,10,1864,-0.8069044934657429,-0.3661294519552779,0.021772718347355217,1.083133840590123,-0.5275499260091263,-0.9024754459650208
1500,-1.2867241379310344,0.5,-0.016800000000000002,0.43333333333333335,-1.3205555555555557,-1.2715,brca1,10,1864,0.1552388630049861,0.8949831047795676,-0.06450638924482756,0.2625110530147141,-0.38558612643313683,0.440431944711386
1510,-1.3474137931034478,0.4,-0.0126,0.4666666666666667,-1.3183333333333336,-1.3604999999999998,brca1,10,1864,-0.5577600032638449,0.264426826412145,0.16197626818465227,0.6728224468024185,-0.3637455418829853,-0.6243231356467445
1520,-1.2813793103448274,0.6,0.0193,0.43333333333333335,-1.3383333333333336,-1.2557500000000001,brca1,10,1864,0.21803137679570755,1.5255393831469901,1.8821659758037956,0.2625110530147141,-0.560310802834358,0.6288577033140886
1530,-1.4272413793103451,0.5,0.0011999999999999997,0.5,-1.4594444444444443,-1.41275,brca1,10,1864,-1.4955965802026914,0.8949831047795676,0.9061335711672284,1.083133840590123,-1.7506226608176656,-1.2494181125985715
1540,-1.454310344827586,0.5,-0.008299999999999998,0.5333333333333333,-1.4777777777777776,-1.4437499999999999,brca1,10,1864,-1.8136102790782744,0.8949831047795676,0.3938513698386435,1.4934452343778273,-1.9308074833564235,-1.6202878596896058
1550,-1.337241379310345,0.4,-0.0179,0.4666666666666667,-1.3622222222222222,-1.326,brca1,10,1864,-0.4382516705653836,0.264426826412145,-0.12382327571445303,0.6728224468024185,-0.7950970867484948,-0.21158099775511138
1560,-1.3920689655172416,0.6,0.033600000000000005,0.5333333333333333,-1.4555555555555557,-1.3634999999999997,brca1,10,1864,-1.0823813281605243,1.5255393831469901,2.6532854999089293,1.4934452343778273,-1.7124016378549014,-0.6602137563329724
1570,-1.3027586206896553,0.2,-0.0010999999999999996,0.43333333333333335,-1.2622222222222224,-1.321,brca1,10,1864,-0.03313867836718095,-0.9966857303227005,0.7821073540034658,0.2625110530147141,0.18772921800836653,-0.15176329661139462
1580,-1.468103448275862,0.3,-0.004100000000000001,0.5666666666666667,-1.3933333333333333,-1.50175,brca1,10,1864,-1.9756554759575555,-0.3661294519552779,0.620334027268123,1.9037566281655318,-1.1008652704506297,-2.3141731929567046
1590,-1.3548275862068968,0.4,-0.014700000000000001,0.4666666666666667,-1.3205555555555553,-1.37025,brca1,10,1864,-0.6448592965864671,0.264426826412145,0.04873493946991235,0.6728224468024185,-0.38558612643313245,-0.7409676528769912
1600,-1.2917241379310345,0.2,-0.031100000000000006,0.36666666666666664,-1.235,-1.3172499999999998,brca1,10,1864,0.09649747913624547,-0.9966857303227005,-0.8356259133499611,-0.5581117345606954,0.455276378747735,-0.1069000207536064
1610,-1.4494827586206895,0.2,-0.0028000000000000004,0.5666666666666667,-1.2827777777777778,-1.5245000000000002,brca1,10,1864,-1.7568944601705268,-0.9966857303227005,0.6904358021867716,1.9037566281655318,-0.01429618908054298,-2.586343733160613
1620,-1.2832758620689655,0.2,-0.028900000000000002,0.4,-1.222777777777778,-1.3104999999999998,brca1,10,1864,0.19575016222480504,-0.9966857303227005,-0.7169921404107096,-0.14780034077299029,0.575399593773573,-0.02614612420959025
1630,-1.4039655172413792,0.6,-0.0055000000000000005,0.5,-1.462777777777778,-1.3775000000000002,brca1,10,1864,-1.2221453104689004,1.5255393831469901,0.5448398081249631,1.083133840590123,-1.7833835376428973,-0.8277033195353809
1640,-1.2943103448275861,0.4,-0.0118,0.4,-1.2822222222222224,-1.29975,brca1,10,1864,0.06611400472138124,0.264426826412145,0.20511582198074366,-0.14780034077299029,-0.008836042943006182,0.10246193324939558
1650,-1.5151724137931035,0.7,0.02749999999999999,0.6,-1.5922222222222222,-1.4805,brca1,10,1864,-2.5286347103081037,2.1560956615144127,2.324346402213732,2.3140680219532364,-3.0555975876892787,-2.0599479630959143
1660,-1.3106896551724136,0.6,0.005799999999999999,0.4,-1.3772222222222221,-1.2807499999999998,brca1,10,1864,-0.12631466657276405,1.5255393831469901,1.1541860054947537,-0.14780034077299029,-0.9425210324620232,0.3297691975955155
1670,-1.1606896551724135,0.3,-0.0249,0.26666666666666666,-1.1577777777777776,-1.1620000000000001,brca1,10,1864,1.6359268494894155,-0.3661294519552779,-0.5012943714302525,-1.7890459159238086,1.2142366918655374,1.7504395997587519
1680,-1.2089655172413791,0.2,-0.020700000000000003,0.3333333333333333,-1.1744444444444444,-1.2245,brca1,10,1864,1.0687686604119317,-0.9966857303227005,-0.27481171400077303,-0.9684231283483998,1.0504323077393922,1.0027183354623124
1690,-1.3984482758620689,0.3,-0.0233,0.4666666666666667,-1.3511111111111112,-1.4197499999999998,brca1,10,1864,-1.1573272317171883,-0.3661294519552779,-0.4150152638380699,0.6728224468024185,-0.6858941639977327,-1.3331628941997717
1700,-1.2789655172413792,0.2,-0.043500000000000004,0.4,-1.2227777777777777,-1.3042500000000001,brca1,10,1864,0.24638928624958137,-0.9966857303227005,-1.5042889971893771,-0.14780034077299029,0.5753995937735751,0.04862600222004971
1710,-1.2855172413793103,0.6,-0.004300000000000003,0.43333333333333335,-1.2966666666666666,-1.2805000000000002,brca1,10,1864,0.1694178177319217,1.5255393831469901,0.6095491388191001,0.2625110530147141,-0.15079984251899564,0.33276008265269696
1720,-1.1668965517241379,0.3,-0.0242,0.26666666666666666,-1.1727777777777777,-1.1642499999999998,brca1,10,1864,1.5630065108937368,-0.3661294519552779,-0.46354726185867257,-1.7890459159238086,1.066812746152007,1.7235216342440842
1730,-1.3010344827586209,0.3,-0.020200000000000003,0.43333333333333335,-1.2572222222222225,-1.3207499999999999,brca1,10,1864,-0.01288302875727147,-0.3661294519552779,-0.2478494928782159,0.2625110530147141,0.2368705332462086,-0.14877241155420787
1740,-1.3589655172413797,0.4,0.0010000000000000002,0.4666666666666667,-1.3172222222222223,-1.37775,brca1,10,1864,-0.693472855650253,0.264426826412145,0.8953486827182057,0.6728224468024185,-0.35282524960790734,-0.8306942045925649
1750,-1.3767241379310347,0.5,0.012800000000000002,0.5,-1.336666666666667,-1.39475,brca1,10,1864,-0.9021060466323243,0.8949831047795676,1.5316571012105533,1.083133840590123,-0.5439303644217433,-1.034074388481196
1760,-1.3641379310344828,0.6,-0.005199999999999999,0.5,-1.3944444444444446,-1.3505,brca1,10,1864,-0.7542398044799788,1.5255393831469901,0.5610171407984975,1.083133840590123,-1.1117855627257076,-0.5046877333593163
1770,-1.4341379310344828,0.7,0.030699999999999998,0.5333333333333333,-1.461666666666667,-1.4217499999999998,brca1,10,1864,-1.5766191786423294,2.1560956615144127,2.4969046173980978,1.4934452343778273,-1.7724632453678215,-1.357089974657258
1780,-1.4086206896551725,0.4,-0.0070999999999999995,0.5,-1.373888888888889,-1.4242499999999998,brca1,10,1864,-1.2768355644156602,0.264426826412145,0.45856070053278053,1.083133840590123,-0.9097601556367959,-1.386998825229115
1790,-1.369137931034483,0.6,0.015199999999999997,0.4666666666666667,-1.4277777777777778,-1.34275,brca1,10,1864,-0.8129811883487195,1.5255393831469901,1.6610757625988273,0.6728224468024185,-1.439394330977994,-0.41197029658655837
1800,-1.475862068965517,0.5,0.005900000000000001,0.5666666666666667,-1.4611111111111112,-1.4825,brca1,10,1864,-2.0668058992021505,0.8949831047795676,1.1595784497192654,1.9037566281655318,-1.7670030992302825,-2.083875043553401
1810,-1.4862068965517243,0.6,0.0091,0.6,-1.4355555555555553,-1.509,brca1,10,1864,-2.1883397968616154,1.5255393831469901,1.3321366649036308,2.3140680219532364,-1.5158363769035244,-2.400908859615092
1820,-1.441896551724138,0.5,-0.0040999999999999995,0.5,-1.4366666666666668,-1.4442499999999998,brca1,10,1864,-1.6677696018869246,0.8949831047795676,0.6203340272681231,1.083133840590123,-1.5267566691786045,-1.6262696298039767
1830,-1.512758620689655,0.8,0.0229,0.6333333333333333,-1.5338888888888889,-1.50325,brca1,10,1864,-2.5002768008542273,2.786651939881836,2.076293967886207,2.7243794157409407,-2.4822822432477754,-2.33211850329982
1840,-1.4458620689655173,0.7,0.016600000000000004,0.5666666666666667,-1.4888888888888887,-1.4264999999999999,brca1,10,1864,-1.7143575959897175,2.1560956615144127,1.7365699817419875,1.9037566281655318,-2.0400104061071858,-1.413916790743788
1850,-1.4386206896551728,0.9,0.046200000000000005,0.6,-1.5077777777777779,-1.4075,brca1,10,1864,-1.6292838676280987,3.4172082182492587,3.3327334721973685,2.3140680219532364,-2.225655374783485,-1.1866095263976708
0,-1.4844827586206895,0.7,0.0211,0.6,-1.557222222222222,-1.45175,tp53,10,394,-0.09973353731421401,0.3800925712711639,0.130236426057972,0.2794000158653454,-0.5297679052630426,0.09513715901475536
10,-1.396206896551724,0.4,-0.011100000000000002,0.5,-1.3694444444444445,-1.40825,tp53,10,394,0.6313528331300956,-1.1533843542021531,-1.4560962979342806,-0.6286500356970302,0.9850695192873778,0.4374493334973344
20,-1.253448275862069,0.4,-0.009800000000000003,0.4,-1.2366666666666668,-1.261,tp53,10,394,1.8136565728330019,-1.1533843542021531,-1.3920518090774507,-1.5367000872594057,2.056211958540486,1.5961957172343386
30,-1.5151724137931035,0.7,0.018800000000000004,0.6,-1.535,-1.50625,tp53,10,394,-0.35390028328899603,0.3800925712711639,0.01692694577281128,0.2794000158653454,-0.3504972041328159,-0.33373671476226796
40,-1.3803448275862067,0.6,0.004400000000000001,0.4666666666666667,-1.4572222222222222,-1.3457500000000002,tp53,10,394,0.7627199153193084,-0.13106640388660842,-0.6924889307951527,-0.931333386217822,0.27695024982297983,0.9292771703975888
50,-1.390344827586207,0.3,-0.0035000000000000022,0.5,-1.3394444444444444,-1.4132500000000001,tp53,10,394,0.679901537417412,-1.6645433293599257,-1.0816823630789665,-0.6286500356970302,1.2270849658131853,0.398103106545313
60,-1.4658620689655177,0.3,0.0015999999999999983,0.5666666666666667,-1.3877777777777778,-1.501,tp53,10,394,0.05447999395137694,-1.6645433293599257,-0.8304309067944793,-0.023283334655446457,0.8371711908549404,-0.2924231764626449
70,-1.6872413793103451,0.4,0.013800000000000002,0.7666666666666667,-1.5733333333333333,-1.7385000000000002,tp53,10,394,-1.7789475444284935,-1.1533843542021531,-0.229398011368843,1.7928167684693057,-0.6597391635824582,-2.1613689566836203
80,-1.7148275862068967,0.6,0.0211,0.8,-1.652222222222222,-1.7429999999999999,tp53,10,394,-2.007412035192339,-0.13106640388660842,0.130236426057972,2.0955001189900977,-1.2961501525947647,-2.1967805609404367
90,-1.4758620689655173,0.6,0.023399999999999997,0.6,-1.501111111111111,-1.4645,tp53,10,394,-0.028338383950513985,-0.13106640388660842,0.24354590634313272,0.2794000158653454,-0.07710938490921923,-0.00519571971289545
100,-1.4596551724137934,0.7,0.0412,0.5333333333333333,-1.5433333333333334,-1.422,tp53,10,394,0.10588450437324426,0.3800925712711639,1.1204627537674217,-0.32596668517623834,-0.41772371705665273,0.3292472093792786
110,-1.4593103448275864,0.7,0.0162,0.5666666666666667,-1.483888888888889,-1.4482500000000003,tp53,10,394,0.10874031050779337,0.3800925712711639,-0.11116203194084912,-0.023283334655446457,0.06182540846670547,0.12267951788116843
120,-1.4968965517241384,0.7,0.0383,0.6,-1.5444444444444445,-1.4754999999999998,tp53,10,394,-0.2025425581579505,0.3800925712711639,0.9775942786252623,0.2794000158653454,-0.42668725211316366,-0.09175741900733973
130,-1.389137931034483,0.8,0.0303,0.4666666666666667,-1.4427777777777777,-1.3650000000000002,tp53,10,394,0.6898968588883292,0.8912515464289368,0.5834743471986156,-0.931333386217822,0.39347620555762797,0.77779419663231
140,-1.508793103448276,0.6,0.0137,0.5666666666666667,-1.5555555555555556,-1.48775,tp53,10,394,-0.3010678697998569,-0.13106640388660842,-0.23432451051167613,-0.023283334655446457,-0.5163226026782771,-0.1881556750397907
150,-1.845344827586207,1.0,0.0595,0.8666666666666667,-1.913333333333333,-1.81475,tp53,10,394,-3.0883346571187897,1.9135694967444814,2.0220120969058755,2.700866820031681,-3.4025808908749373,-2.7613989177019325
160,-1.4315517241379307,0.9,0.043300000000000005,0.5333333333333333,-1.495,-1.403,tp53,10,394,0.3386327043389181,1.402410521586709,1.2239192357669166,-0.32596668517623834,-0.027809942098407935,0.47876287179695576
170,-1.5779310344827588,0.8,0.024800000000000003,0.6666666666666666,-1.6155555555555554,-1.5609999999999997,tp53,10,394,-0.8736569997767492,0.8912515464289368,0.31251689434279617,0.8847667169069291,-1.0003534957298899,-0.7645778998868894
180,-1.5560344827586212,0.5,0.013099999999999997,0.6333333333333333,-1.526111111111111,-1.5694999999999997,tp53,10,394,-0.6923133102329481,-0.6422253790443807,-0.2638835053686748,0.5820833663861372,-0.2787889236807244,-0.8314664857053239
190,-1.3489655172413793,0.3,-0.005699999999999999,0.4666666666666667,-1.298888888888889,-1.3715,tp53,10,394,1.0225982735631831,-1.6645433293599257,-1.1900653442212943,-0.931333386217822,1.5542539953758494,0.7266441015946855
200,-1.3379310344827586,0.6,-0.003799999999999999,0.43333333333333335,-1.4005555555555556,-1.3097499999999997,tp53,10,394,1.1139840698687213,-0.13106640388660842,-1.0964618605074654,-1.234016736738614,0.7340905377050596,1.2125700044521401
210,-1.3874137931034485,0.4,-0.0179,0.4666666666666667,-1.3883333333333334,-1.387,tp53,10,394,0.7041758895610692,-1.1533843542021531,-1.7910982396469304,-0.931333386217822,0.832689423326684,0.6046707980434214
220,-1.5070689655172413,0.6,0.0205,0.6333333333333333,-1.5005555555555556,-1.5100000000000002,tp53,10,394,-0.28678883912711506,-0.13106640388660842,0.10067743120097351,0.5820833663861372,-0.07262761738096464,-0.3632463849762844
230,-1.2908620689655173,0.8,0.041600000000000005,0.4,-1.4138888888888888,-1.2354999999999998,tp53,10,394,1.5038016072345353,0.8912515464289368,1.140168750338754,-1.5367000872594057,0.6265281170269242,1.7968614746896439
240,-1.6231034482758626,1.0,0.0459,0.7,-1.7316666666666667,-1.5742499999999997,tp53,10,394,-1.2477676034025513,1.9135694967444814,1.3520082134805766,1.187450067427721,-1.9370429091353296,-0.8688454013097436
250,-1.3615517241379307,0.8,0.0507,0.5,-1.4366666666666665,-1.32775,tp53,10,394,0.9183613496521803,0.8912515464289368,1.5884801723365647,-0.6286500356970302,0.4427756483684411,1.0709235874248644
260,-1.3729310344827588,0.4,-0.0184,0.4666666666666667,-1.3677777777777775,-1.3752499999999999,tp53,10,394,0.8241197472120894,-1.1533843542021531,-1.8157307353610959,-0.931333386217822,0.998514821872147,0.6971344313806708
270,-1.5174137931034486,0.4,-0.0038999999999999994,0.6,-1.4583333333333333,-1.5439999999999998,tp53,10,394,-0.3724630231635606,-1.1533843542021531,-1.1013883596502987,0.2794000158653454,0.26798671476646885,-0.6308007282500205
280,-1.5205172413793107,0.7,0.0183,0.6333333333333333,-1.4966666666666668,-1.5312499999999996,tp53,10,394,-0.39816527837449334,0.3800925712711639,-0.007705549941354328,0.5820833663861372,-0.041255244683175304,-0.5304678495223663
290,-1.533620689655173,0.8,0.0311,0.6333333333333333,-1.5850000000000002,-1.5105,tp53,10,394,-0.5066859114873226,0.8912515464289368,0.6228863403412802,0.5820833663861372,-0.7538562816758297,-0.3671810076714843
300,-1.5406896551724143,0.6,0.0172,0.6333333333333333,-1.51,-1.5544999999999998,tp53,10,394,-0.565229937245558,-0.13106640388660842,-0.06189704051251825,0.5820833663861372,-0.1488176653613107,-0.7134278048492632
310,-1.458793103448276,0.8,0.044700000000000004,0.5666666666666667,-1.5272222222222223,-1.428,tp53,10,394,0.1130240197096161,0.8912515464289368,1.2928902237665796,-0.023283334655446457,-0.2877524587372372,0.28203173703685397
320,-1.301034482758621,0.3,-0.0092,0.4,-1.3177777777777777,-1.2935,tp53,10,394,1.4195553262653633,-1.6645433293599257,-1.362492814220452,-1.5367000872594057,1.4018738994151574,1.340445242046204
330,-1.5515517241379309,0.8,0.0395,0.6333333333333333,-1.5811111111111111,-1.53825,tp53,10,394,-0.6551878304838171,0.8912515464289368,1.0367122683392591,0.5820833663861372,-0.7224839089780387,-0.5855525672551976
340,-1.4272413793103447,0.7,0.021399999999999995,0.5333333333333333,-1.4566666666666668,-1.4139999999999997,tp53,10,394,0.37433028102076815,0.3800925712711639,0.145015923486471,-0.32596668517623834,0.2814320173512344,0.3922011725025132
350,-1.5508620689655177,0.7,0.019200000000000002,0.6666666666666666,-1.5233333333333334,-1.56325,tp53,10,394,-0.6494762182147262,0.3800925712711639,0.036632942344143486,0.8847667169069291,-0.25638008603944784,-0.7822837020153011
360,-1.5503448275862068,0.9,0.041499999999999995,0.6666666666666666,-1.615,-1.5212499999999998,tp53,10,394,-0.6451925090128998,1.402410521586709,1.1352422511959206,0.8847667169069291,-0.9958717282016353,-0.4517753956183269
370,-1.4465517241379315,0.6,0.0251,0.5333333333333333,-1.4744444444444444,-1.4339999999999997,tp53,10,394,0.21440513748606976,-0.13106640388660842,0.3272963917712953,-0.32596668517623834,0.13801545644705332,0.2348162646944311
380,-1.3082758620689656,0.5,0.0017999999999999973,0.4,-1.357222222222222,-1.2862499999999997,tp53,10,394,1.3595833974398561,-0.6422253790443807,-0.8205779085088132,-1.5367000872594057,1.0836684049090042,1.3974972711266371
0,-1.305344827586207,0.7,0.028300000000000002,0.43333333333333335,-1.3433333333333333,-1.2882500000000001,pten,10,404,-0.36370874422761323,1.7715415969053936,2.182141639478319,0.5946342652788568,-0.7908324298275262,-0.12182503036964597
10,-1.245,0.3,-0.0284,0.36666666666666664,-1.2455555555555557,-1.24475,pten,10,404,0.3374648194169187,-0.29741209291112447,-0.4440707448872037,-0.22555092820922193,0.22032999407109025,0.3610349988858916
20,-1.185,0.5,-0.0157,0.3333333333333333,-1.2377777777777779,-1.1612500000000001,pten,10,404,1.0346316769834831,0.7370647519971346,0.14416377506768413,-0.6356435249532609,0.3007633686993906,1.2879042504453686
30,-1.2748275862068965,0.2,-0.0223,0.36666666666666664,-1.222777777777778,-1.29825,pten,10,404,-0.009115256327377074,-0.8146505153652539,-0.16153290459391115,-0.22555092820922193,0.45588487691110957,-0.232827335945629
40,-1.2596551724137925,0.4,-0.0159,0.36666666666666664,-1.3138888888888889,-1.2352500000000002,pten,10,404,0.16717981110325428,0.21982632954300524,0.13490023932036296,-0.22555092820922193,-0.4863346544489654,0.46648718918307597
50,-1.1974137931034483,0.3,-0.050399999999999986,0.3333333333333333,-1.1666666666666665,-1.2112500000000002,pten,10,404,0.890390258176608,-0.29741209291112447,-1.4630596770925204,-0.6356435249532609,1.0361542224438434,0.7328927225654411
60,-1.1181034482758623,0.4,-0.0134,0.23333333333333334,-1.1455555555555557,-1.10575,pten,10,404,1.8119326561094202,0.21982632954300524,0.2506944361618763,-1.865921315185378,1.2544733821492244,1.9039670463920888
70,-1.3758620689655177,0.3,-0.012099999999999998,0.43333333333333335,-1.3755555555555554,-1.376,pten,10,404,-1.1830801371722282,-0.29741209291112447,0.31090741851946335,0.5946342652788568,-1.1240564104304795,-1.0958702617989153
80,-1.2237931034482759,0.1,-0.047599999999999996,0.3,-1.1855555555555557,-1.2409999999999999,pten,10,404,0.5838772432119986,-1.3318889378193832,-1.3333701766300259,-1.0457361216973,0.8408160269179707,0.4026608634768877
90,-1.348103448275862,0.3,-0.0114,0.4666666666666667,-1.323888888888889,-1.359,pten,10,404,-0.860540297895738,-0.29741209291112447,0.343329793635087,1.0047268620228957,-0.5897489932567789,-0.9071663423197412
100,-1.2751724137931035,0.3,-0.012000000000000002,0.36666666666666664,-1.2994444444444444,-1.26425,pten,10,404,-0.013121962405347257,-0.29741209291112447,0.31553918639312367,-0.22555092820922193,-0.3369583872821236,0.14458050301271924
110,-1.3129310344827587,0.2,-0.0369,0.4,-1.2744444444444445,-1.33025,pten,10,404,-0.4518562779429263,-0.8146505153652539,-0.8377710141483491,0.18454166853481777,-0.07842254026259117,-0.5880347137887826
120,-1.376551724137931,0.2,-0.0179,0.4666666666666667,-1.2588888888888892,-1.4295,pten,10,404,-1.191093549328161,-0.8146505153652539,0.042264881847152366,1.0047268620228957,0.08244420899400492,-1.6897325966304384
130,-1.153103448275862,0.1,-0.07150000000000001,0.26666666666666666,-1.1094444444444445,-1.1727500000000002,pten,10,404,1.4052519891955948,-1.3318889378193832,-2.440362698434894,-1.455828718441339,1.627914050066329,1.1602515990329847
140,-1.3437931034482757,0.4,-0.0274,0.43333333333333335,-1.2905555555555557,-1.3677499999999998,pten,10,404,-0.8104564719211275,0.21982632954300524,-0.39775306615059836,0.5946342652788568,-0.245034530564069,-1.0042933596987265
150,-1.3268965517241378,0.5,-0.014800000000000002,0.5,-1.2783333333333333,-1.3487500000000001,pten,10,404,-0.6141278741006582,0.7370647519971346,0.18584968593062876,1.4148194587669347,-0.1186392275767402,-0.7933889791043576
160,-1.2739655172413795,0.3,-0.023000000000000003,0.4,-1.2333333333333334,-1.29225,pten,10,404,0.0009015088675419369,-0.29741209291112447,-0.193955279709535,0.18454166853481777,0.34672529705841904,-0.1662259526000377
170,-1.2351724137931033,0.6,-0.009899999999999999,0.4,-1.3294444444444444,-1.19275,pten,10,404,0.4516559426390315,1.254303174451264,0.41280631173999505,0.18454166853481777,-0.6472014037055638,0.9382469878810161
180,-1.1874137931034483,0.3,-0.0331,0.3333333333333333,-1.1544444444444446,-1.2022499999999998,pten,10,404,1.0065847344377021,-0.29741209291112447,-0.6617638349492486,-0.6356435249532609,1.1625495254311675,0.8327947975838318
190,-1.3313793103448275,0.7,-0.0009000000000000008,0.4,-1.4094444444444443,-1.29625,pten,10,404,-0.6662150531142524,1.7715415969053936,0.8296654203694429,0.18454166853481777,-1.474516114168069,-0.2106268748304319
200,-1.340862068965517,0.3,-0.007200000000000002,0.43333333333333335,-1.321111111111111,-1.3497499999999998,pten,10,404,-0.7763994702583925,-0.29741209291112447,0.5378640443288293,0.5946342652788568,-0.561022788032384,-0.8044892096619525
210,-1.4300000000000002,0.6,0.005000000000000002,0.5,-1.4933333333333332,-1.4015,pten,10,404,-1.81213299141332,1.254303174451264,1.1029397249154145,1.4148194587669347,-2.3420475119447253,-1.378926141017679
220,-1.2275862068965517,0.5,-0.0108,0.36666666666666664,-1.2672222222222222,-1.2097499999999999,pten,10,404,0.539803476354342,0.7370647519971346,0.37112040087705017,-0.22555092820922193,-0.0037344066791702426,0.749543068401842
230,-1.4224137931034482,0.7,0.028199999999999996,0.5333333333333333,-1.4516666666666669,-1.4092500000000001,pten,10,404,-1.7239854576980045,1.7715415969053936,2.177509871604658,1.824912055510974,-1.9111544335788402,-1.4649529278390692
240,-1.4175862068965517,0.5,-0.0043999999999999985,0.5,-1.4216666666666669,-1.41575,pten,10,404,-1.6678915726064425,0.7370647519971346,0.6675535447913244,1.4148194587669347,-1.6009114171554,-1.5371044264634592
250,-1.2415517241379308,0.5,0.006799999999999998,0.36666666666666664,-1.2538888888888888,-1.2360000000000002,pten,10,404,0.3775318801966102,0.7370647519971346,1.186311546641304,-0.22555092820922193,0.13415137839791508,0.45816201626487674
260,-1.2239655172413793,0.7,0.010599999999999998,0.3333333333333333,-1.2922222222222222,-1.1932500000000001,pten,10,404,0.5818738901730148,1.7715415969053936,1.3623187258404041,-0.6356435249532609,-0.26227025369870266,0.932696872602215
270,-1.1748275862068964,0.4,-0.032600000000000004,0.26666666666666666,-1.1888888888888889,-1.1684999999999999,pten,10,404,1.1528295062835634,0.21982632954300524,-0.6386049955809462,-1.455828718441339,0.8063445806487012,1.207427578902782
280,-1.3468965517241378,0.2,-0.030200000000000005,0.4666666666666667,-1.302777777777778,-1.3667500000000001,pten,10,404,-0.8465168266228462,-0.8146505153652539,-0.5274425666130934,1.0047268620228957,-0.37142983355139775,-0.9931931291411316
290,-1.1913793103448276,0.1,-0.03710000000000001,0.3333333333333333,-1.1211111111111112,-1.223,pten,10,404,0.9605076145410617,-1.3318889378193832,-0.8470345498956704,-0.6356435249532609,1.5072639881238796,0.6024650135136591
300,-1.3512068965517245,0.3,-0.023600000000000003,0.43333333333333335,-1.3138888888888889,-1.3679999999999999,pten,10,404,-0.8966006525974619,-0.29741209291112447,-0.2217458869514982,0.5946342652788568,-0.4863346544489654,-1.007068417338127
310,-1.1151724137931036,0.2,-0.0462,0.26666666666666666,-1.1188888888888888,-1.1135,pten,10,404,1.845989657772155,-0.8146505153652539,-1.2685254263987784,-1.455828718441339,1.530244952303395,1.8179402595707008
320,-1.1717241379310346,0.1,-0.0445,0.23333333333333334,-1.1383333333333334,-1.18675,pten,10,404,1.1888898609852796,-1.3318889378193832,-1.1897853725465493,-1.865921315185378,1.3291615157326453,1.0048483712266074
330,-1.314137931034483,0.4,-0.004100000000000001,0.4,-1.315,-1.31375,pten,10,404,-0.4658797492158181,0.21982632954300524,0.6814488484123058,0.18454166853481777,-0.49782513653872196,-0.4048809095884071
340,-1.245344827586207,0.6,0.0062,0.3333333333333333,-1.3172222222222223,-1.2129999999999999,pten,10,404,0.3334581133389511,1.254303174451264,1.1585209393993408,-0.6356435249532609,-0.5208061007182373,0.7134673190896471
350,-1.40948275862069,0.5,-0.007800000000000001,0.5666666666666667,-1.3544444444444446,-1.43425,pten,10,404,-1.5737339797741805,0.7370647519971346,0.5100734370868661,2.2350046522550127,-0.9057372507250985,-1.7424586917790317
360,-1.2591379310344826,0.0,-0.0523,0.36666666666666664,-1.1672222222222222,-1.3005,pten,10,404,0.1731898702202031,-1.849127360273513,-1.5510632666920712,-0.22555092820922193,1.0304089813989639,-0.2578028547002267
370,-1.1470689655172415,0.1,-0.038,0.3,-1.1094444444444447,-1.164,pten,10,404,1.4753693455600458,-1.3318889378193832,-0.8887204607586148,-1.0457361216973,1.6279140500663267,1.2573786164119747
380,-1.3422413793103445,0.4,0.002500000000000001,0.4666666666666667,-1.3433333333333333,-1.3417499999999998,pten,10,404,-0.7924262945702656,0.21982632954300524,0.9871455280739012,1.0047268620228957,-0.7908324298275262,-0.715687365201164
390,-1.239655172413793,0.1,-0.036699999999999997,0.3333333333333333,-1.1844444444444444,-1.2645000000000002,pten,10,404,0.3995687636254372,-1.3318889378193832,-0.8285074784010277,-0.6356435249532609,0.8523065090077295,0.14180544537331868
0,-1.582241379310345,0.9,0.0453,0.7,-1.6644444444444444,-1.5452499999999998,palb2,10,1187,-2.7207688682882587,3.475746413711558,3.308571688896747,3.0717945682711685,-3.2250632502468553,-2.2886661469245895
10,-1.2586206896551724,0.6,-0.0018000000000000023,0.36666666666666664,-1.3172222222222223,-1.2322499999999998,palb2,10,1187,0.6278395011830802,1.5681274517675399,0.702951934241878,-0.6843894633972022,-0.15184808233066568,1.0079592309533532
20,-1.2510344827586208,0.6,-0.005900000000000002,0.36666666666666664,-1.3105555555555555,-1.22425,palb2,10,1187,0.7063364475105897,1.5681274517675399,0.47613577725493617,-0.6843894633972022,-0.09284235110667348,1.092218026554065
30,-1.5489655172413794,0.4,-9.99999999999987e-05,0.6,-1.4866666666666666,-1.5770000000000002,palb2,10,1187,-2.376452717351675,0.29638147713819507,0.7969976578706102,1.9449393587706574,-1.6515770842737654,-2.623068241964928
40,-1.150344827586207,0.3,-0.0128,0.26666666666666666,-1.1244444444444446,-1.1620000000000001,palb2,10,1187,1.74820500785756,-0.3394915101764776,0.0944207813500828,-1.8112446728977132,1.5544009788964028,1.7478567798221216
50,-1.2396551724137932,0.2,-0.036300000000000006,0.36666666666666664,-1.1877777777777778,-1.263,palb2,10,1187,0.8240818670018573,-0.97536449749115,-1.2056230452823893,-0.6843894633972022,0.9938465322684904,0.6840894853631072
60,-1.4055172413793104,0.5,-0.0064,0.5,-1.4055555555555554,-1.4055,palb2,10,1187,-0.8921468231587325,0.9322544644528674,0.4484752703053091,0.8180841492701464,-0.933674021048543,-0.8167703112746153
70,-1.0893103448275863,0.1,-0.049300000000000004,0.23333333333333334,-1.0244444444444443,-1.1185000000000003,palb2,10,1187,2.3797486214925376,-1.6112374848058224,-1.9247962259726925,-2.18686307606455,2.4394869472562686,2.2060139809010035
80,-1.2532758620689655,0.4,-0.007199999999999998,0.3333333333333333,-1.2788888888888887,-1.24175,palb2,10,1187,0.6831441679138269,0.29638147713819507,0.404218459185906,-1.0600078665640391,0.1874348722072837,0.9079019111775043
90,-1.2441379310344827,0.2,-0.0126,0.36666666666666664,-1.2066666666666666,-1.261,palb2,10,1187,0.7776973078083297,-0.97536449749115,0.10548498412993366,-0.6843894633972022,0.826663627133851,0.7051541842632858
100,-1.4146551724137935,0.4,-0.002600000000000001,0.5333333333333333,-1.386111111111111,-1.4274999999999998,palb2,10,1187,-0.9866999630532375,0.29638147713819507,0.6586951231224747,1.1937025524369833,-0.7615739716452369,-1.0484819991765773
110,-1.3148275862068965,0.1,-0.045,0.4666666666666667,-1.2072222222222222,-1.36325,palb2,10,1187,0.04624848975651822,-1.6112374848058224,-1.6869158662058996,0.4424657461033094,0.8217464828651844,-0.37177854700834445
120,-1.3586206896551727,0.4,-0.005,0.4666666666666667,-1.345,-1.3647500000000001,palb2,10,1187,-0.4068929731341185,0.29638147713819507,0.525924689764265,0.4424657461033094,-0.3977052957639601,-0.38757707118347895
130,-1.4160344827586209,0.5,0.0029999999999999983,0.5333333333333333,-1.4272222222222222,-1.411,palb2,10,1187,-1.0009721351127832,0.9322544644528674,0.9684928009582977,1.1937025524369833,-1.1254426475265138,-0.874698233250107
140,-1.4115517241379314,0.7,0.022300000000000004,0.5,-1.463888888888889,-1.388,palb2,10,1187,-0.9545875759192557,2.204000439082212,2.0361883692139027,0.8180841492701464,-1.4499741692584651,-0.6324541958980522
150,-1.2729310344827587,0.5,-0.015599999999999994,0.4,-1.2666666666666666,-1.27575,palb2,10,1187,0.4797657160652736,0.9322544644528674,-0.06047805756782835,-0.30877106023036455,0.2956120461179328,0.5498020298744686
160,-1.359655172413793,0.4,-0.004100000000000001,0.4666666666666667,-1.3616666666666666,-1.35875,palb2,10,1187,-0.41759710217877605,0.29638147713819507,0.5757136022735936,0.4424657461033094,-0.5452196238239367,-0.3243829744829409
170,-1.2913793103448277,0.4,-0.0224,0.4,-1.32,-1.2784999999999997,palb2,10,1187,0.2888754147688252,0.29638147713819507,-0.4366609520827566,-0.30877106023036455,-0.17643380367399514,0.5208380688867251
180,-1.242586206896552,0.2,-0.0208,0.36666666666666664,-1.1855555555555555,-1.2682499999999999,palb2,10,1187,0.793753501375316,-0.97536449749115,-0.34814732984395,-0.6843894633972022,1.0135151093431551,0.6287946507501389
190,-1.2117241379310342,0.1,-0.0492,0.3333333333333333,-1.1544444444444446,-1.2374999999999998,palb2,10,1187,1.1130933512076988,-1.6112374848058224,-1.919264124582767,-1.0600078665640391,1.2888751883884437,0.9526643963403846
200,-1.234655172413793,0.0,-0.033100000000000004,0.36666666666666664,-1.1588888888888889,-1.2687499999999998,palb2,10,1187,0.8758184907177182,-2.247110472120495,-1.028595800804776,-0.6843894633972022,1.2495380342391182,0.6235284760250948
210,-1.206896551724138,0.1,-0.0372,0.3333333333333333,-1.1422222222222222,-1.236,palb2,10,1187,1.1630459534161122,-1.6112374848058224,-1.2554119577917175,-1.0600078665640391,1.3970523622990947,0.9684629205155167
220,-1.3339655172413794,0.1,-0.04360000000000001,0.43333333333333335,-1.2366666666666668,-1.37775,palb2,10,1187,-0.1517778975697041,-1.6112374848058224,-1.6094664467469444,0.06684734293647245,0.56113783662589,-0.5244976140346385
230,-1.2417241379310344,0.1,-0.0315,0.36666666666666664,-1.176111111111111,-1.27125,palb2,10,1187,0.8026736089125376,-1.6112374848058224,-0.9400821785659692,-0.6843894633972022,1.0971065619104747,0.5971976023998697
240,-1.340344827586207,0.4,-0.0156,0.43333333333333335,-1.3466666666666667,-1.3375,palb2,10,1187,-0.2177866933451131,0.29638147713819507,-0.06047805756782864,0.06684734293647245,-0.41245672856995813,-0.1005705486685439
250,-1.2824137931034483,0.3,-0.0199,0.4666666666666667,-1.2183333333333333,-1.3112499999999998,palb2,10,1187,0.381644533155885,-0.3394915101764776,-0.29835841733462143,0.4424657461033094,0.7234035974918666,0.17590362439630072
260,-1.3251724137931034,0.3,0.0010000000000000009,0.4666666666666667,-1.2277777777777776,-1.369,palb2,10,1187,-0.06079280069008727,-0.3394915101764776,0.8578507731597896,0.4424657461033094,0.6398121449245469,-0.43233955634635696
270,-1.2425862068965516,0.3,-0.0113,0.36666666666666664,-1.2122222222222223,-1.25625,palb2,10,1187,0.7937535013753206,-0.3394915101764776,0.17740230219896405,-0.6843894633972022,0.7774921844471901,0.7551828441512078
280,-1.1956896551724137,0.2,-0.0458,0.3333333333333333,-1.1416666666666666,-1.2200000000000002,palb2,10,1187,1.279007351399937,-0.97536449749115,-1.731172677325303,-1.0600078665640391,1.4019695065677615,1.136980511716943
290,-1.3212068965517239,0.3,-0.014700000000000001,0.4,-1.2616666666666667,-1.348,palb2,10,1187,-0.019760306018886165,-0.3394915101764776,-0.010689145058500044,-0.30877106023036455,0.339866344535925,-0.21116021789448314
300,-1.1406896551724137,0.2,-0.03660000000000001,0.3,-1.0605555555555557,-1.1767500000000002,palb2,10,1187,1.8481102122743938,-0.97536449749115,-1.2222193494521656,-1.4356262697308761,2.1198725697929817,1.5925046254333044
310,-1.3599999999999997,0.3,-0.0211,0.43333333333333335,-1.3888888888888888,-1.347,palb2,10,1187,-0.4211651451936596,-0.3394915101764776,-0.36474363401372634,0.06684734293647245,-0.7861596929885664,-0.20062786844439268
320,-1.153103448275862,0.1,-0.057699999999999994,0.26666666666666666,-1.1011111111111112,-1.1765,palb2,10,1187,1.7196606637384664,-1.6112374848058224,-2.3894927427264268,-1.8112446728977132,1.7609210381803717,1.5951377127958275
330,-1.2536206896551725,0.4,-0.011,0.36666666666666664,-1.2544444444444443,-1.2532500000000002,palb2,10,1187,0.6795761248989388,0.29638147713819507,0.19399860636874028,-0.6843894633972022,0.4037892200285839,0.7867798925014746
340,-1.1605172413793103,0.2,-0.03560000000000001,0.23333333333333334,-1.1377777777777778,-1.1707500000000002,palb2,10,1187,1.6429477389183975,-0.97536449749115,-1.1668983355529114,-2.18686307606455,1.4363895164484222,1.65569872213384
350,-1.2299999999999998,0.3,-0.0273,0.36666666666666664,-1.205,-1.24125,palb2,10,1187,0.9239870714186934,-0.3394915101764776,-0.7077339201891019,-0.6843894633972022,0.8414150599398471,0.9131680859025484
360,-1.291896551724138,0.3,-0.015500000000000003,0.4,-1.273888888888889,-1.2999999999999998,palb2,10,1187,0.28352335024649417,-0.3394915101764776,-0.05494595617790345,-0.30877106023036455,0.23168917062527392,0.2943925557098049
370,-1.2241379310344827,0.2,-0.0332,0.36666666666666664,-1.165,-1.25075,palb2,10,1187,0.984643802671769,-0.97536449749115,-1.0341279021947012,-0.6843894633972022,1.1954494472837927,0.8131107661266995
380,-1.3672413793103448,0.3,0.0046,0.5,-1.3272222222222223,-1.3852499999999999,palb2,10,1187,-0.49609404850628785,-0.3394915101764776,1.0570064231971044,0.8180841492701464,-0.24035667916665207,-0.6034902349103064
390,-1.3774137931034482,0.2,-0.0223,0.43333333333333335,-1.335,-1.3964999999999999,palb2,10,1187,-0.6013513174454505,-0.97536449749115,-0.43112885069283124,0.06684734293647245,-0.3091966989279737,-0.7219791662238105
400,-1.2931034482758619,0.2,-0.028699999999999996,0.4,-1.2805555555555554,-1.2987499999999998,palb2,10,1187,0.27103519969439366,-0.97536449749115,-0.7851833396480574,-0.30877106023036455,0.17268343940128564,0.3075579925224162
410,-1.3879310344827591,0.5,0.0006999999999999999,0.4666666666666667,-1.4238888888888885,-1.37175,palb2,10,1187,-0.7101766293995058,0.9322544644528674,0.8412544689900133,0.4424657461033094,-1.0959397819145158,-0.4613035173341028
420,-1.4255172413793102,0.6,0.0016,0.5333333333333333,-1.4155555555555557,-1.43,palb2,10,1187,-1.0990933180221696,1.5681274517675399,0.891043381499342,1.1937025524369833,-1.0221826178845312,-1.0748128728018023
430,-1.2617241379310344,0.4,-0.029800000000000004,0.3333333333333333,-1.2850000000000001,-1.25125,palb2,10,1187,0.5957271140490983,0.29638147713819507,-0.8460364549372373,-1.0600078665640391,0.13334628525195616,0.8078445914016554
440,-1.08,0.1,-0.0522,0.16666666666666666,-1.0466666666666669,-1.0950000000000002,palb2,10,1187,2.4760857828944833,-1.6112374848058224,-2.0852271662805295,-2.938099882398224,2.242801176509629,2.4535241929781026
450,-1.2751724137931035,0.4,-0.0076999999999999985,0.36666666666666664,-1.3116666666666665,-1.25875,palb2,10,1187,0.4565734364685086,0.29638147713819507,0.3765579522362789,-0.6843894633972022,-0.10267663964400485,0.7288519705259853
460,-1.348793103448276,0.4,-0.0163,0.43333333333333335,-1.3777777777777778,-1.33575,palb2,10,1187,-0.3052037472098418,0.29638147713819507,-0.09920276729730647,0.06684734293647245,-0.6878168076152487,-0.08213893713088852
470,-1.3248275862068963,0.2,-0.025500000000000002,0.43333333333333335,-1.2833333333333334,-1.3435,palb2,10,1187,-0.05722475767519912,-0.97536449749115,-0.6081560951704446,0.06684734293647245,0.14809771805795421,-0.16376464536907961
480,-1.2589655172413794,0.4,-0.0049,0.43333333333333335,-1.2061111111111111,-1.2827499999999998,palb2,10,1187,0.624271458168192,0.29638147713819507,0.5314567911541903,0.06684734293647245,0.8315807714025157,0.47607558372384473
490,-1.401896551724138,0.4,-0.006900000000000002,0.5,-1.3577777777777778,-1.42175,palb2,10,1187,-0.8546823715024195,0.29638147713819507,0.420814763355682,0.8180841492701464,-0.5107996139432759,-0.987920989838567
500,-1.4696551724137932,0.3,-0.011699999999999999,0.5666666666666667,-1.391111111111111,-1.505,palb2,10,1187,-1.555802823927692,-0.3394915101764776,0.15527389663926244,1.5693209556038203,-0.8058282700632291,-1.8647390815584974
510,-1.2777586206896554,0.3,-0.020200000000000003,0.4,-1.2294444444444443,-1.2994999999999999,palb2,10,1187,0.4298131138568555,-0.3394915101764776,-0.31495472150439774,-0.30877106023036455,0.6250607121185489,0.2996587304348489
520,-1.3912068965517244,0.1,-0.028200000000000003,0.4666666666666667,-1.3194444444444444,-1.4235000000000002,palb2,10,1187,-0.7440730380409282,-1.6112374848058224,-0.7575228326984307,0.4424657461033094,-0.17151665940532845,-1.0063526013762247
530,-1.3306896551724137,0.5,0.0010000000000000015,0.43333333333333335,-1.3672222222222221,-1.31425,palb2,10,1187,-0.11788148892827702,0.9322544644528674,0.8578507731597896,0.06684734293647245,-0.5943910665105956,0.1443065760460317
540,-1.3770689655172415,0.6,0.013199999999999998,0.4666666666666667,-1.4388888888888889,-1.34925,palb2,10,1187,-0.5977832744305646,1.5681274517675399,1.5327671427306897,0.4424657461033094,-1.2287026771684981,-0.22432565470709445
550,-1.1536206896551726,0.3,-0.038799999999999994,0.26666666666666666,-1.1522222222222223,-1.15425,palb2,10,1187,1.7143085992161329,-0.3394915101764776,-1.3439255800305239,-1.8112446728977132,1.3085437654631085,1.8294824880603149
560,-1.2662068965517241,0.3,-0.027400000000000008,0.36666666666666664,-1.218888888888889,-1.2875,palb2,10,1187,0.5493425548555684,-0.3394915101764776,-0.7132660215790276,-0.6843894633972022,0.7184864532231999,0.426046923835918
570,-1.2389655172413792,0.2,-0.0261,0.36666666666666664,-1.2016666666666669,-1.25575,palb2,10,1187,0.8312179530316336,-0.97536449749115,-0.641348703509997,-0.6843894633972022,0.8709179255518412,0.7604490188762543
580,-1.3455172413793106,0.4,-0.007300000000000003,0.43333333333333335,-1.3277777777777777,-1.3535,palb2,10,1187,-0.271307338568417,0.29638147713819507,0.39868635779598033,0.06684734293647245,-0.24527382343531678,-0.26908813986997243
590,-1.2862068965517244,0.3,-0.0398,0.4,-1.2894444444444444,-1.28475,palb2,10,1187,0.3423960599921268,-0.3394915101764776,-1.3992465939297785,-0.30877106023036455,0.09400913110263065,0.45501088482366386
600,-1.252241379310345,0.4,-0.0109,0.36666666666666664,-1.2722222222222221,-1.2432500000000002,palb2,10,1187,0.6938482969584845,0.29638147713819507,0.19953070775866566,-0.6843894633972022,0.24644060343127394,0.8921033870023675
610,-1.2720689655172417,0.3,-0.027200000000000002,0.4,-1.2372222222222222,-1.28775,palb2,10,1187,0.4886858236024882,-0.3394915101764776,-0.7022018187991765,-0.30877106023036455,0.5562206923572253,0.42341383647339714
620,-1.2974137931034486,0.5,0.014299999999999998,0.43333333333333335,-1.273888888888889,-1.308,palb2,10,1187,0.2264346620083021,0.9322544644528674,1.5936202580198693,0.06684734293647245,0.23168917062527392,0.21013376010908827
630,-1.3763793103448274,0.4,-0.0187,0.4666666666666667,-1.385,-1.3725,palb2,10,1187,-0.5906471884007882,0.29638147713819507,-0.2319732006555165,0.4424657461033094,-0.7517396831079055,-0.46920277942167005
640,-1.1982758620689655,0.3,-0.027100000000000003,0.3333333333333333,-1.1822222222222223,-1.2055,palb2,10,1187,1.2522470287882839,-0.3394915101764776,-0.6966697174092511,-1.0600078665640391,1.0430179749551494,1.2896995787432395
650,-1.3172413793103446,0.3,-0.022299999999999997,0.43333333333333335,-1.2838888888888889,-1.33225,palb2,10,1187,0.021272188652312646,-0.3394915101764776,-0.4311288506928311,0.06684734293647245,0.14318057378928953,-0.04527571405557544
660,-1.3306896551724137,0.5,0.0018999999999999983,0.4666666666666667,-1.3227777777777778,-1.33425,palb2,10,1187,-0.11788148892827702,0.9322544644528674,0.9076396856691181,0.4424657461033094,-0.20101952501732456,-0.066340412955754
670,-1.254137931034483,0.2,-0.03480000000000001,0.4,-1.2011111111111112,-1.278,palb2,10,1187,0.6742240603766078,-0.97536449749115,-1.1226415244335084,-0.30877106023036455,0.875835069820508,0.5261042436117668
680,-1.386896551724138,0.4,-0.017400000000000006,0.43333333333333335,-1.4311111111111112,-1.367,palb2,10,1187,-0.6994725003548412,0.29638147713819507,-0.1600558825864864,0.06684734293647245,-1.1598626574071766,-0.41127485744617837
690,-1.4225862068965516,0.5,0.0034000000000000015,0.5,-1.4583333333333333,-1.4064999999999999,palb2,10,1187,-1.0687649523956306,0.9322544644528674,0.9906212065179996,0.8180841492701464,-1.4008027265718042,-0.8273026607247034
700,-1.0832758620689655,0.2,-0.0506,0.26666666666666666,-1.0072222222222225,-1.1175000000000002,palb2,10,1187,2.4421893742530587,-0.97536449749115,-1.9967135440417227,-1.8112446728977132,2.591918419584908,2.216546330351094
710,-1.4189655172413795,0.4,-0.004299999999999998,0.5333333333333333,-1.3555555555555554,-1.4475,palb2,10,1187,-1.0313005007393221,0.29638147713819507,0.5646493994937429,1.1937025524369833,-0.49113103686861115,-1.2591289881783652
720,-1.4053448275862073,0.5,0.0174,0.5,-1.4044444444444444,-1.4057499999999998,palb2,10,1187,-0.8903628016512919,0.9322544644528674,1.765115401107557,0.8180841492701464,-0.9238397325112117,-0.8194033986371362
730,-1.3865517241379313,0.2,-0.0214,0.5,-1.2894444444444444,-1.4302499999999998,palb2,10,1187,-0.6959044573399554,-0.97536449749115,-0.3813399381835025,0.8180841492701464,0.09400913110263065,-1.0774459601643231
740,-1.2824137931034483,0.2,-0.023899999999999998,0.4,-1.2433333333333334,-1.2999999999999996,palb2,10,1187,0.381644533155885,-0.97536449749115,-0.5196424729316377,-0.30877106023036455,0.5021321054018997,0.2943925557098072
750,-1.5132758620689657,0.3,0.0003999999999999986,0.5666666666666667,-1.4516666666666669,-1.5410000000000001,palb2,10,1187,-2.0071602653108838,-0.3394915101764776,0.8246581648202371,1.5693209556038203,-1.341796995347816,-2.243903661761714
760,-1.3418965517241381,0.4,-0.006000000000000004,0.4666666666666667,-1.2616666666666665,-1.3779999999999997,palb2,10,1187,-0.23384288691210403,0.29638147713819507,0.4706036758650106,0.4424657461033094,0.33986634453592696,-0.527130701397157
770,-1.2779310344827588,0.3,-0.015500000000000003,0.4,-1.2255555555555555,-1.3014999999999997,palb2,10,1187,0.4280290923494126,-0.3394915101764776,-0.05494595617790345,-0.30877106023036455,0.6594807219992097,0.2785940315346727
780,-1.4822413793103453,0.4,-0.0013999999999999991,0.5333333333333333,-1.4761111111111114,-1.4849999999999999,palb2,10,1187,-1.6860363939710672,0.29638147713819507,0.7250803398015798,1.1937025524369833,-1.5581513431691163,-1.6540920925567117
790,-1.4613793103448276,0.4,-0.007300000000000003,0.5666666666666667,-1.4272222222222224,-1.47675,palb2,10,1187,-1.4701697915704064,0.29638147713819507,0.39868635779598033,1.5693209556038203,-1.1254426475265158,-1.5672002095934765
800,-1.4970689655172416,0.4,0.003399999999999999,0.6,-1.47,-1.50925,palb2,10,1187,-1.8394622436112003,0.29638147713819507,0.9906212065179995,1.9449393587706574,-1.5040627562137887,-1.9095015667213777
810,-1.262758620689655,0.3,-0.0172,0.36666666666666664,-1.2538888888888888,-1.2667499999999998,palb2,10,1187,0.5850229850044384,-0.3394915101764776,-0.14899167980663525,-0.6843894633972022,0.4087063642972486,0.6445931749252733
820,-1.3489655172413795,0.6,0.0103,0.4666666666666667,-1.3822222222222222,-1.334,palb2,10,1187,-0.3069877687172847,1.5681274517675399,1.372336202422853,0.4424657461033094,-0.7271539617645761,-0.06370732559323315
830,-1.3663793103448274,0.4,0.0001999999999999988,0.43333333333333335,-1.3683333333333332,-1.3655,palb2,10,1187,-0.48717394096906863,0.29638147713819507,0.8135939620403863,0.06684734293647245,-0.604225355047927,-0.39547633327104387
840,-1.3717241379310345,0.2,-0.020300000000000002,0.4666666666666667,-1.335,-1.38825,palb2,10,1187,-0.5424786076998177,-0.97536449749115,-0.3204868228943231,0.4424657461033094,-0.3091966989279737,-0.6350872832605754
850,-1.3593103448275863,0.5,-0.007600000000000001,0.4666666666666667,-1.3794444444444445,-1.3502499999999997,palb2,10,1187,-0.4140290591638902,0.9322544644528674,0.3820900536262042,0.4424657461033094,-0.7025682404212467,-0.23485800415718022
860,-1.3048275862068963,0.3,-0.023899999999999998,0.4,-1.2977777777777777,-1.308,palb2,10,1187,0.14972173718824017,-0.3394915101764776,-0.5196424729316377,-0.30877106023036455,0.020251967072642332,0.21013376010908827
870,-1.3875862068965519,0.5,-0.007400000000000002,0.5,-1.3561111111111108,-1.40175,palb2,10,1187,-0.7066085863846152,0.9322544644528674,0.39315425640605495,0.8180841492701464,-0.49604818113727583,-0.7772740008367813
880,-1.295689655172414,0.2,-0.0216,0.4,-1.2000000000000002,-1.3387499999999997,palb2,10,1187,0.24427487708273826,-0.97536449749115,-0.3924041409633534,-0.30877106023036455,0.8856693583578393,-0.11373598548115287
890,-1.3131034482758623,0.2,-0.025500000000000002,0.4,-1.2672222222222222,-1.3337500000000002,palb2,10,1187,0.06408870483094979,-0.97536449749115,-0.6081560951704446,-0.30877106023036455,0.29069490184926616,-0.06107423823071229
900,-1.3482758620689652,0.4,-0.0109,0.43333333333333335,-1.375,-1.33625,palb2,10,1187,-0.2998516826875061,0.29638147713819507,0.19953070775866566,0.06684734293647245,-0.6632310862719192,-0.08740511185593258
910,-1.4058620689655168,0.5,-0.009800000000000001,0.5,-1.4255555555555555,-1.397,palb2,10,1187,-0.8957148661736137,0.9322544644528674,0.26038382304784513,0.8180841492701464,-1.1106912147205157,-0.727245340948857
920,-1.2713793103448272,0.3,-0.030100000000000005,0.4,-1.25,-1.2810000000000001,palb2,10,1187,0.4958219096322691,-0.3394915101764776,-0.8626327591070136,-0.30877106023036455,0.44312637417790945,0.4945071952614978
930,-1.3524137931034486,0.4,-0.023899999999999998,0.43333333333333335,-1.3416666666666666,-1.35725,palb2,10,1187,-0.34266819886615474,0.29638147713819507,-0.5196424729316377,0.06684734293647245,-0.36820243015196397,-0.30858445030780873
940,-1.308965517241379,0.6,0.0017000000000000014,0.43333333333333335,-1.3333333333333333,-1.298,palb2,10,1187,0.10690522100959841,1.5681274517675399,0.8965754828892676,0.06684734293647245,-0.29444526612197564,0.3154572546099811
950,-1.2382758620689653,0.1,-0.0427,0.3333333333333333,-1.223888888888889,-1.24475,palb2,10,1187,0.8383540390614076,-1.6112374848058224,-1.5596775342376155,-1.0600078665640391,0.6742321548052057,0.8763048628272353
960,-1.2613793103448279,0.3,-0.020500000000000004,0.36666666666666664,-1.2316666666666667,-1.27475,palb2,10,1187,0.5992951570639818,-0.3394915101764776,-0.33155102567417405,-0.6843894633972022,0.6053921350438841,0.5603343793245567
970,-1.3658620689655172,0.6,-0.0063,0.5333333333333333,-1.3555555555555554,-1.3705000000000003,palb2,10,1187,-0.48182187644673985,1.5681274517675399,0.4540073716952346,1.1937025524369833,-0.49113103686861115,-0.4481380805214938
980,-1.327758620689655,0.2,-0.029900000000000003,0.43333333333333335,-1.2888888888888888,-1.3452499999999998,palb2,10,1187,-0.08755312330173808,-0.97536449749115,-0.8515685563271627,0.06684734293647245,0.09892627537129732,-0.18219625690673497
990,-1.4081034482758625,0.4,-0.008900000000000002,0.5333333333333333,-1.336666666666667,-1.4402499999999998,palb2,10,1187,-0.9189071457703879,0.29638147713819507,0.3101727355571738,1.1937025524369833,-0.32394813173397374,-1.1827694546652159
1000,-1.3170689655172416,0.5,-0.006100000000000002,0.4,-1.3455555555555556,-1.30425,palb2,10,1187,0.023056210159750977,0.9322544644528674,0.46507157447508524,-0.30877106023036455,-0.40262244003262676,0.24963007054692454
1010,-1.2717241379310347,0.3,-0.023200000000000002,0.4,-1.2088888888888887,-1.3,palb2,10,1187,0.49225386661737636,-0.3394915101764776,-0.48091776320216006,-0.30877106023036455,0.8069950500591883,0.29439255570980255
1020,-1.3810344827586205,0.3,-0.0039000000000000007,0.5,-1.3250000000000002,-1.4062500000000002,palb2,10,1187,-0.6388157691017611,-0.3394915101764776,0.5867778050534445,0.8180841492701464,-0.2206881020919893,-0.8246695733621848
1030,-1.1086206896551725,0.4,-0.027600000000000003,0.2,-1.1755555555555555,-1.0784999999999998,palb2,10,1187,2.179938212658872,0.29638147713819507,-0.7243302243588782,-2.562481479231387,1.1020237061791416,2.62730795890458
1040,-1.3048275862068968,0.5,0.007299999999999998,0.4,-1.3333333333333335,-1.292,palb2,10,1187,0.14972173718823556,0.9322544644528674,1.2063731607250905,-0.30877106023036455,-0.29444526612197763,0.3786513513105168
1050,-1.265689655172414,0.2,-0.0154,0.36666666666666664,-1.2272222222222224,-1.2830000000000001,palb2,10,1187,0.5546946193778972,-0.97536449749115,-0.049413854787977884,-0.6843894633972022,0.6447292891932096,0.47344249636131924
1060,-1.340689655172414,0.5,0.001999999999999999,0.4666666666666667,-1.3611111111111114,-1.3315000000000001,palb2,10,1187,-0.22135473635999894,0.9322544644528674,0.9131717870590438,0.4424657461033094,-0.540302479555274,-0.037376451968010524
1070,-1.347241379310345,0.4,-0.012400000000000001,0.43333333333333335,-1.3411111111111111,-1.35,palb2,10,1187,-0.2891475536428509,0.29638147713819507,0.11654918690978441,0.06684734293647245,-0.3632852858832992,-0.2322249167946617
1080,-1.4620689655172414,0.6,-0.0006000000000000005,0.5333333333333333,-1.5194444444444446,-1.43625,palb2,10,1187,-1.4773058776001804,1.5681274517675399,0.7693371509209831,1.1937025524369833,-1.9416885961250558,-1.1406400568648611
1090,-1.3141379310344827,0.6,0.0163,0.43333333333333335,-1.3427777777777778,-1.30125,palb2,10,1187,0.05338457578629222,1.5681274517675399,1.7042622858183776,0.06684734293647245,-0.37803671868929734,0.2812271188971912
1100,-1.4444827586206896,0.7,0.027999999999999997,0.5333333333333333,-1.5550000000000002,-1.39475,palb2,10,1187,-1.2953356838409489,2.204000439082212,2.3515181484396503,1.1937025524369833,-2.2563858293196737,-0.7035475546861552
1110,-1.5686206896551724,0.6,0.0182,0.6666666666666666,-1.5833333333333333,-1.5619999999999998,palb2,10,1187,-2.5798311692002263,1.5681274517675399,1.8093722122269604,2.6961761651043314,-2.5071601870216327,-2.4650830002135855
1120,-1.4632758620689659,0.3,-0.013900000000000001,0.5333333333333333,-1.3766666666666667,-1.5022499999999999,palb2,10,1187,-1.4897940281522877,-0.3394915101764776,0.033567666060903265,1.1937025524369833,-0.6779825190779172,-1.8357751205707515
1130,-1.2941379310344827,0.4,-0.010499999999999999,0.4,-1.2683333333333333,-1.3057500000000002,palb2,10,1187,0.2603310706497315,0.29638147713819507,0.22165911331836735,-0.30877106023036455,0.28086061331193474,0.23383154637178769
1140,-1.3951724137931036,0.5,0.011200000000000002,0.5333333333333333,-1.3555555555555554,-1.4129999999999998,palb2,10,1187,-0.785105532712127,0.9322544644528674,1.4221251149321816,1.1937025524369833,-0.49113103686861115,-0.8957629321502831
1150,-1.4193103448275863,0.4,0.006199999999999999,0.5333333333333333,-1.3861111111111113,-1.43425,palb2,10,1187,-1.034868543754208,0.29638147713819507,1.145520045435911,1.1937025524369833,-0.7615739716452389,-1.1195753579646825
1160,-1.3406896551724137,0.4,-0.0165,0.43333333333333335,-1.3566666666666665,-1.3335000000000001,palb2,10,1187,-0.22135473635999667,0.29638147713819507,-0.11026697007715743,0.06684734293647245,-0.5009653254059425,-0.058441150868189094
1170,-1.2862068965517237,0.2,-0.0397,0.36666666666666664,-1.2638888888888888,-1.2962500000000001,palb2,10,1187,0.34239605999213374,-0.97536449749115,-1.3937144925398528,-0.6843894633972022,0.3201977674612623,0.33388886614763646
0,-1.496724137931035,0.8,0.0301,0.6,-1.5611111111111111,-1.46775,cftr,10,1481,-1.7750565418115094,2.040552798895942,1.8228327907201967,1.7746984571598967,-2.1887767963019726,-1.4654099327922263
10,-1.335689655172414,0.6,0.0169,0.43333333333333335,-1.338888888888889,-1.33425,cftr,10,1481,-0.27386586645091887,0.9600454134340479,1.2412600607830762,0.1731413128936488,-0.29774213041740144,-0.24540047510874405
20,-1.2746551724137931,0.4,-0.021,0.4,-1.2872222222222223,-1.2689999999999997,cftr,10,1481,0.29510790129817094,-0.12046197202784598,-0.4285586107788077,-0.14717011595960075,0.14192342940076236,0.35089628229835274
30,-1.3208620689655175,0.6,0.0013999999999999998,0.43333333333333335,-1.357222222222222,-1.3045000000000002,cftr,10,1481,-0.13564060083955898,0.9600454134340479,0.5583526885084271,0.1731413128936488,-0.45375249035287657,0.026474291678396093
40,-1.2799999999999998,0.1,-0.0225,0.4,-1.185,-1.3227499999999999,cftr,10,1481,0.24528251485686853,-1.7412230502206874,-0.4946464209989349,-0.14717011595960075,1.0117993757076655,-0.14030602744312526
50,-1.2146551724137928,0.3,-0.0284,0.36666666666666664,-1.1861111111111111,-1.2274999999999998,cftr,10,1481,0.8544380458650734,-0.6607156647587932,-0.7545918078647693,-0.46748154481285087,1.0023442023782432,0.7301501586568867
60,-1.2470689655172411,0.3,-0.014700000000000001,0.3333333333333333,-1.212777777777778,-1.2624999999999997,cftr,10,1481,0.5522711861565183,-0.6607156647587932,-0.1509898078542729,-0.7877929736661005,0.7754200424720931,0.4102974918484843
70,-1.3989655172413793,0.4,-0.010700000000000001,0.4666666666666667,-1.37,-1.4119999999999997,cftr,10,1481,-0.8637341510947452,-0.12046197202784598,0.025244352732733313,0.4934527417468984,-0.5624869836412414,-0.9559303278045518
80,-1.0375862068965518,0.3,-0.048799999999999996,0.16666666666666666,-1.0888888888888888,-1.0145,cftr,10,1481,2.5051048805495713,-0.6607156647587932,-1.6533860268585008,-2.3893501179323486,1.8296718687027445,2.676682102376596
90,-1.4327586206896554,0.5,0.0012999999999999997,0.5666666666666667,-1.3922222222222222,-1.4509999999999998,cftr,10,1481,-1.17875917504622,0.41979172070310095,0.5539468344937519,1.4543870283066471,-0.751590450229698,-1.3123375851053452
100,-1.2455172413793103,0.4,-0.0172,0.4,-1.2361111111111112,-1.2497500000000001,cftr,10,1481,0.5667366209297982,-0.12046197202784598,-0.2611361582211517,-0.14717011595960075,0.576861402554214,0.5268152490429703
110,-1.4512068965517242,0.7,0.0251,0.5666666666666667,-1.4344444444444444,-1.4587500000000002,cftr,10,1481,-1.3507371217952364,1.5002991061649948,1.602540089986439,1.4543870283066471,-1.1108870367477661,-1.383162104184352
120,-1.2534482758620689,0.4,-0.0278,0.4,-1.2633333333333334,-1.249,cftr,10,1481,0.49280217653302455,-0.12046197202784598,-0.7281566837767182,-0.14717011595960075,0.34520965598335357,0.5336692347602935
130,-1.3587931034482759,0.5,-0.0128,0.4666666666666667,-1.3816666666666668,-1.3485,cftr,10,1481,-0.4892401175197807,0.41979172070310095,-0.06727858157544493,0.4934527417468984,-0.6617663036001818,-0.3756262037378805
140,-1.3415517241379311,0.4,-0.0085,0.43333333333333335,-1.3261111111111112,-1.3485,cftr,10,1481,-0.3285130644833159,-0.12046197202784598,0.12217314105558676,0.1731413128936488,-0.1890076371290385,-0.3756262037378805
150,-1.1825862068965518,0.4,-0.032,0.3,-1.1672222222222222,-1.1895000000000002,cftr,10,1481,1.153390364512896,-0.12046197202784598,-0.9132025523930748,-1.10810440251935,1.1630821489784324,1.077418768334578
160,-1.260344827586207,0.5,-0.0054,0.36666666666666664,-1.2933333333333334,-1.2455,cftr,10,1481,0.42851135531843615,0.41979172070310095,0.2587546155105166,-0.46748154481285087,0.08991997608893605,0.5656545014411344
170,-1.127758620689655,0.0,-0.05920000000000001,0.26666666666666666,-1.0472222222222223,-1.1640000000000001,cftr,10,1481,1.6645023931688583,-2.2814767429516345,-2.1115948443847175,-1.4284158313725996,2.1842408685561003,1.310454282723558
180,-1.298103448275862,0.6,0.0204,0.4,-1.3644444444444446,-1.26825,cftr,10,1481,0.07651910916857863,0.9600454134340479,1.3954649512967066,-0.14717011595960075,-0.5152111169941272,0.35775026801567184
190,-1.3186206896551722,0.2,-0.029200000000000004,0.4,-1.2577777777777779,-1.3459999999999999,cftr,10,1481,-0.11474608394481411,-1.2009693574897402,-0.7898386399821706,-0.14717011595960075,0.3924855226304677,-0.35277958468013587
200,-1.4929310344827589,0.6,0.0132,0.5666666666666667,-1.4688888888888887,-1.5037499999999997,cftr,10,1481,-1.7396965901434849,0.9600454134340479,1.0782434622400956,1.4543870283066471,-1.4039974099598735,-1.794401247223723
210,-1.3599999999999999,0.8,0.002700000000000001,0.5,-1.4177777777777778,-1.3339999999999999,cftr,10,1481,-0.5004910112323321,2.040552798895942,0.6156287906992042,0.8137641706001479,-0.9690594368064237,-0.243115813202969
220,-1.4715517241379312,0.5,0.020099999999999996,0.5666666666666667,-1.4277777777777778,-1.4912499999999997,cftr,10,1481,-1.540395044378267,0.41979172070310095,1.3822473892526812,1.4543870283066471,-1.0541559967712295,-1.680168151935008
230,-1.41448275862069,0.4,-0.015000000000000003,0.5,-1.405,-1.41875,cftr,10,1481,-1.008388498827568,-0.12046197202784598,-0.16420736989829846,0.8137641706001479,-0.8603249435180609,-1.0176161992604604
240,-1.2658620689655176,0.7,0.011999999999999999,0.43333333333333335,-1.3366666666666667,-1.234,cftr,10,1481,0.37707869834676544,1.5002991061649948,1.0253732140639935,0.1731413128936488,-0.2788317837585546,0.6707489491067531
250,-1.3443103448275864,0.4,-0.0043999999999999985,0.4666666666666667,-1.3255555555555556,-1.35275,cftr,10,1481,-0.35422939296915124,-0.12046197202784598,0.30281315565726824,0.4934527417468984,-0.18428005046432636,-0.4144654561360425
260,-1.1617241379310346,0.3,-0.017900000000000003,0.26666666666666666,-1.1794444444444445,-1.15375,cftr,10,1481,1.3478700986870193,-0.6607156647587932,-0.29197713632387795,-1.4284158313725996,1.0590752423547798,1.4041254208603056
270,-1.361896551724138,0.4,-0.0024000000000000002,0.4666666666666667,-1.3427777777777778,-1.3705,cftr,10,1481,-0.5181709870663445,-0.12046197202784598,0.3909302359507712,0.4934527417468984,-0.3308352370703809,-0.5766764514460199
280,-1.1551724137931034,0.3,-0.0311,0.23333333333333334,-1.1961111111111111,-1.13675,cftr,10,1481,1.4089463788408771,-0.6607156647587932,-0.8735498662609982,-1.7487272602258492,0.9172476424134374,1.5594824304529595
290,-1.4258620689655175,0.5,0.002099999999999999,0.5333333333333333,-1.3711111111111112,-1.4504999999999997,cftr,10,1481,-1.1144683538316338,0.41979172070310095,0.5891936666111532,1.1340755994533975,-0.5719421569706639,-1.307768261293795
300,-1.2555172413793105,0.6,0.0127,0.4,-1.3050000000000002,-1.2332499999999997,cftr,10,1481,0.473514930168646,0.9600454134340479,1.0562141921667199,-0.14717011595960075,-0.009359343870004398,0.6776029348240784
310,-1.2872413793103448,0.6,-0.008600000000000002,0.36666666666666664,-1.3544444444444446,-1.257,cftr,10,1481,0.17777715258155175,0.9600454134340479,0.11776728704091155,-0.46748154481285087,-0.4301145570293214,0.4605600537755176
320,-1.3206896551724139,0.3,-0.016900000000000002,0.43333333333333335,-1.3111111111111111,-1.325,cftr,10,1481,-0.1340333303091927,-0.6607156647587932,-0.24791859617712636,0.1731413128936488,-0.06136279718182882,-0.16086798459509483
330,-1.3089655172413797,0.8,0.0386,0.43333333333333335,-1.3866666666666667,-1.274,cftr,10,1481,-0.024738934244398627,2.040552798895942,2.197330381967585,0.1731413128936488,-0.7043145835825838,0.3052030441828635
340,-1.486896551724138,0.7,0.019899999999999994,0.5333333333333333,-1.5455555555555556,-1.4605,cftr,10,1481,-1.6834421215807194,1.5002991061649948,1.3734356812233306,1.1340755994533975,-2.056404369690053,-1.3991547375247695
350,-1.4351724137931035,0.3,-0.0259,0.5,-1.3511111111111112,-1.473,cftr,10,1481,-1.2012609624713229,-0.6607156647587932,-0.6444454574978902,0.8137641706001479,-0.40174903704105214,-1.5133878328134867
360,-1.2620689655172415,0.3,-0.027200000000000002,0.36666666666666664,-1.27,-1.2585000000000002,cftr,10,1481,0.4124386500147901,-0.6607156647587932,-0.7017215596886675,-0.46748154481285087,0.28847861600681696,0.4468520823408692
370,-1.1579310344827582,0.3,-0.0338,0.26666666666666666,-1.1794444444444445,-1.14825,cftr,10,1481,1.383230050355046,-0.6607156647587932,-0.9925079246572275,-1.4284158313725996,1.0590752423547798,1.454387982787341
380,-1.1663793103448277,0.4,-0.028800000000000003,0.3,-1.176111111111111,-1.1620000000000001,cftr,10,1481,1.3044737943671736,-0.12046197202784598,-0.7722152239234698,-1.10810440251935,1.087440762343049,1.3287315779697526
390,-1.2834482758620689,0.5,-0.014000000000000004,0.43333333333333335,-1.251111111111111,-1.298,cftr,10,1481,0.21313710424957433,0.41979172070310095,-0.12014882975154693,0.1731413128936488,0.4492165626070062,0.08587550122852969
400,-1.3320689655172415,0.5,-0.02780000000000001,0.4666666666666667,-1.3344444444444443,-1.331,cftr,10,1481,-0.24011318531326045,0.41979172070310095,-0.7281566837767185,0.4934527417468984,-0.25992143709970783,-0.21569987033367827
410,-1.1455172413793102,0.2,-0.036500000000000005,0.2,-1.1205555555555555,-1.15675,cftr,10,1481,1.498953528541299,-1.2009693574897402,-1.111465983053457,-2.0690386890790986,1.5601994288141923,1.3767094779910147
420,-1.2979310344827584,0.5,0.0218,0.43333333333333335,-1.3194444444444444,-1.2882500000000001,cftr,10,1481,0.07812637969894488,0.41979172070310095,1.4571469075021588,0.1731413128936488,-0.13227659715250004,0.17497731555372703
430,-1.2594827586206896,0.2,-0.009000000000000005,0.4,-1.1916666666666667,-1.29,cftr,10,1481,0.43654770797026127,-1.2009693574897402,0.10014387098221081,-0.14717011595960075,0.955068335731129,0.1589846822133076
440,-1.0906896551724137,0.3,-0.0274,0.23333333333333334,-1.0633333333333335,-1.1029999999999998,cftr,10,1481,2.010065557197259,-0.6607156647587932,-0.7105332677180177,-1.7487272602258492,2.0471408552794683,1.867911787732493
450,-1.4906896551724143,0.5,-0.0014999999999999987,0.5666666666666667,-1.4611111111111112,-1.504,cftr,10,1481,-1.7188020732487461,0.41979172070310095,0.43058292208284765,1.4543870283066471,-1.3378111966539163,-1.7966859091295
460,-1.3713793103448277,0.4,-0.009000000000000003,0.5,-1.3250000000000002,-1.3922500000000002,cftr,10,1481,-0.606570866236402,-0.12046197202784598,0.10014387098221088,0.8137641706001479,-0.17955246379961606,-0.7754420372483861
470,-1.3755172413793106,0.4,-0.004200000000000001,0.5,-1.3755555555555556,-1.3755,cftr,10,1481,-0.645145358965155,-0.12046197202784598,0.31162486368661846,0.8137641706001479,-0.6097628502883555,-0.622369689561505
480,-1.192758620689655,0.3,-0.020400000000000005,0.3,-1.2077777777777774,-1.186,cftr,10,1481,1.058561403221384,-0.6607156647587932,-0.4021234866907569,-1.10810440251935,0.8179683224545007,1.1094040350154208
490,-1.3463793103448278,0.5,0.0020000000000000005,0.4666666666666667,-1.3294444444444444,-1.3539999999999996,cftr,10,1481,-0.3735166393335278,0.41979172070310095,0.584787812596478,0.4934527417468984,-0.21737315711730587,-0.4258887656649118
500,-1.178103448275862,0.3,-0.013300000000000001,0.26666666666666666,-1.1822222222222223,-1.17625,cftr,10,1481,1.1951793983023775,-0.6607156647587932,-0.08930785164882073,-1.4284158313725996,1.0354373090312228,1.198505849340618
510,-1.2034482758620688,0.4,-0.0065000000000000014,0.36666666666666664,-1.2683333333333335,-1.1742500000000002,cftr,10,1481,0.958910630338775,-0.12046197202784598,0.2102902213490898,-0.46748154481285087,0.3026613760009497,1.2167831445868105
520,-1.3222413793103447,0.5,0.004399999999999999,0.43333333333333335,-1.3311111111111111,-1.3182500000000001,cftr,10,1481,-0.1484987650824725,0.41979172070310095,0.6905283089486818,0.1731413128936488,-0.2315559171114405,-0.09918211313919022
530,-1.2341379310344827,0.4,-0.022900000000000004,0.3333333333333333,-1.2366666666666666,-1.233,cftr,10,1481,0.6728164759338658,-0.12046197202784598,-0.5122698370576357,-0.7877929736661005,0.5721338158895037,0.6798875967298493
540,-1.3758620689655174,0.2,-0.0147,0.5,-1.3211111111111111,-1.4004999999999999,cftr,10,1481,-0.6483599000258834,-1.2009693574897402,-0.15098980785427282,0.8137641706001479,-0.14645935714663466,-0.8508358801389351
550,-1.3079310344827588,0.0,-0.048299999999999996,0.4,-1.1722222222222223,-1.369,cftr,10,1481,-0.015095311062209332,-2.2814767429516345,-1.631356756785125,-0.14717011595960075,1.1205338689960285,-0.5629684800113735
560,-1.1910344827586206,0.2,-0.0482,0.3,-1.1705555555555553,-1.20025,cftr,10,1481,1.07463410852503,-1.2009693574897402,-1.6269509027704498,-1.10810440251935,1.1347166289901651,0.9791783063862842
570,-1.2193103448275862,0.2,-0.0326,0.36666666666666664,-1.1966666666666665,-1.2295,cftr,10,1481,0.8110417415452258,-1.2009693574897402,-0.9396376764811256,-0.46748154481285087,0.9125200557487271,0.7118728634106902
580,-1.1420689655172414,0.1,-0.05960000000000001,0.23333333333333334,-1.1083333333333334,-1.1572500000000001,cftr,10,1481,1.531098939148591,-1.7412230502206874,-2.1292182604434178,-1.7487272602258492,1.6642063354378431,1.3721401541794647
590,-1.2508620689655174,0.5,0.001599999999999999,0.4,-1.2049999999999998,-1.2714999999999999,cftr,10,1481,0.5169112344884916,0.41979172070310095,0.5671643965377774,-0.14717011595960075,0.8416062557780558,0.3280496632406081
600,-1.1868965517241377,0.3,-0.0314,0.26666666666666666,-1.2105555555555556,-1.17625,cftr,10,1481,1.113208601253783,-0.6607156647587932,-0.8867674283050238,-1.4284158313725996,0.7943303891309398,1.198505849340618
610,-1.1641379310344826,0.3,-0.04390000000000001,0.23333333333333334,-1.1744444444444444,-1.1595,cftr,10,1481,1.3253683112619163,-0.6607156647587932,-1.4374991801394186,-1.7487272602258492,1.1016235223371835,1.3515781970274972
620,-1.2556896551724137,0.3,-0.0363,0.36666666666666664,-1.280555555555556,-1.2445,cftr,10,1481,0.47190765963828385,-0.6607156647587932,-1.1026542750241064,-0.46748154481285087,0.19865446937729708,0.5747931490642326
630,-1.296896551724138,0.3,-0.024799999999999996,0.4,-1.3005555555555555,-1.29525,cftr,10,1481,0.08777000288113004,-0.6607156647587932,-0.5959810633364634,-0.14717011595960075,0.028461349447689185,0.11100678219204735
640,-1.2820689655172415,0.4,-0.0021000000000000003,0.4,-1.3116666666666665,-1.2687499999999996,cftr,10,1481,0.22599526849248994,-0.12046197202784598,0.4041477979947968,-0.14717011595960075,-0.0660903838465391,0.3531809442041278
650,-1.2417241379310344,0.1,-0.046700000000000005,0.3333333333333333,-1.1577777777777778,-1.2795,cftr,10,1481,0.6020965725978207,-1.7412230502206874,-1.5608630925503229,-0.7877929736661005,1.243451122278526,0.25494048225582816
660,-1.3087931034482756,0.5,0.004200000000000001,0.43333333333333335,-1.3038888888888889,-1.311,cftr,10,1481,-0.023131663714028226,0.41979172070310095,0.6817166009193315,0.1731413128936488,9.582945941994342e-05,-0.03292691787173344
670,-1.3601724137931037,0.3,-0.0131,0.5,-1.288888888888889,-1.3922500000000002,cftr,10,1481,-0.5020982817627004,-0.6607156647587932,-0.08049614361947038,0.8137641706001479,0.12774066940662776,-0.7754420372483861
680,-1.1486206896551723,0.1,-0.041600000000000005,0.23333333333333334,-1.0916666666666666,-1.17425,cftr,10,1481,1.4700226589947352,-1.7412230502206874,-1.33616453780189,-1.7487272602258492,1.8060339353791874,1.2167831445868125
690,-1.284655172413793,0.4,-0.024800000000000003,0.4,-1.2794444444444444,-1.287,cftr,10,1481,0.2018862105370229,-0.12046197202784598,-0.5959810633364636,-0.14717011595960075,0.2081096427067233,0.18640062508260036
700,-1.1844827586206896,0.3,-0.0186,0.3,-1.185,-1.18425,cftr,10,1481,1.1357103886788857,-0.6607156647587932,-0.32281811442660385,-1.10810440251935,1.0117993757076655,1.12539666835584
710,-1.289655172413793,0.4,-0.0166,0.36666666666666664,-1.3144444444444445,-1.2785,cftr,10,1481,0.15527536515644683,-0.12046197202784598,-0.2347010341331008,-0.46748154481285087,-0.08972831717009806,0.2640791298789264
720,-1.3120689655172413,0.5,0.0056000000000000025,0.43333333333333335,-1.3616666666666666,-1.28975,cftr,10,1481,-0.05366980379095823,0.41979172070310095,0.7433985571247838,0.1731413128936488,-0.4915731836705683,0.1612693441190827
730,-1.320344827586207,0.4,-0.032799999999999996,0.4666666666666667,-1.2733333333333332,-1.3415000000000004,cftr,10,1481,-0.13081878924846432,-0.12046197202784598,-0.9484493845104759,0.4934527417468984,0.2601130960185496,-0.31165567037620284
740,-1.4458620689655175,0.5,-0.0028000000000000013,0.5666666666666667,-1.443888888888889,-1.4467499999999998,cftr,10,1481,-1.300911735353934,0.41979172070310095,0.37330681989207054,1.4543870283066471,-1.1912560100478617,-1.2734983327071812
750,-1.589137931034483,0.9,0.051000000000000004,0.6666666666666666,-1.6588888888888889,-1.55775,cftr,10,1481,-2.636553546086963,2.5808064916268894,2.743656279787304,2.4153213148663957,-3.0208320492911844,-2.287888218870976
760,-1.4917241379310346,0.6,0.010400000000000001,0.6,-1.463888888888889,-1.5042499999999999,cftr,10,1481,-1.7284456964309314,0.9600454134340479,0.9548795498291912,1.7746984571598967,-1.3614491299774734,-1.798970571035273
770,-1.3348275862068968,0.5,0.0047,0.43333333333333335,-1.3477777777777777,-1.329,cftr,10,1481,-0.2658295137990958,0.41979172070310095,0.7037458709927074,0.1731413128936488,-0.3733835170527829,-0.1974225750874838
780,-1.3555172413793104,0.5,0.006700000000000002,0.4666666666666667,-1.3022222222222222,-1.3794999999999997,cftr,10,1481,-0.45870197744285274,0.41979172070310095,0.7918629512862105,0.4934527417468984,0.014278589453554563,-0.6589242800538919
790,-1.50448275862069,0.4,-0.005800000000000001,0.5666666666666667,-1.44,-1.5334999999999996,cftr,10,1481,-1.8473837156779167,-0.12046197202784598,0.2411311994518159,1.4543870283066471,-1.1581629033948804,-2.066276014010865
800,-1.1617241379310344,0.3,-0.034999999999999996,0.3,-1.1766666666666667,-1.1549999999999998,cftr,10,1481,1.3478700986870213,-0.6607156647587932,-1.0453781728333293,-1.10810440251935,1.0827131756783368,1.3927021113314362
810,-1.2637931034482757,0.3,-0.04,0.36666666666666664,-1.2816666666666667,-1.2557500000000001,cftr,10,1481,0.3963659447111461,-0.6607156647587932,-1.2656708735670872,-0.46748154481285087,0.18919929604787653,0.4719833633043869
820,-1.173103448275862,0.3,-0.023300000000000005,0.3,-1.1788888888888889,-1.1705,cftr,10,1481,1.2417902436829535,-0.6607156647587932,-0.5298932531163364,-1.10810440251935,1.0638028290194919,1.2510530731734264
830,-1.2689655172413792,0.5,-0.019200000000000002,0.36666666666666664,-1.327777777777778,-1.2425000000000002,cftr,10,1481,0.34814782880020584,0.41979172070310095,-0.3492532385146549,-0.46748154481285087,-0.20319039712317313,0.5930704443104251
840,-1.3565517241379312,0.4,-0.004399999999999999,0.4666666666666667,-1.3355555555555556,-1.366,cftr,10,1481,-0.46834560062504205,-0.12046197202784598,0.3028131556572682,0.4934527417468984,-0.2693766104291322,-0.5355525371420827
850,-1.2020689655172414,0.4,-0.014299999999999998,0.3333333333333333,-1.1994444444444443,-1.2032500000000002,cftr,10,1481,0.9717687945816905,-0.12046197202784598,-0.13336639179557216,-0.7877929736661005,0.88888212242517,0.9517623635169915
860,-1.1944827586206896,0.3,-0.05720000000000001,0.26666666666666666,-1.2122222222222223,-1.1865,cftr,10,1481,1.0424886979177357,-0.6607156647587932,-2.0234777640912145,-1.4284158313725996,0.7801476291368051,1.1048347112038706
870,-1.4670689655172415,0.5,0.003700000000000002,0.5666666666666667,-1.4144444444444444,-1.4907499999999998,cftr,10,1481,-1.4986060105887855,0.41979172070310095,0.6596873308459558,1.4543870283066471,-0.9406939168181545,-1.6755988281234597
880,-1.409137931034483,0.4,0.008799999999999997,0.5,-1.3966666666666665,-1.4147500000000002,cftr,10,1481,-0.9585631123862616,-0.12046197202784598,0.8843858855943886,0.8137641706001479,-0.7894111435473877,-0.9810616087680735
890,-1.175862068965517,0.2,-0.041100000000000005,0.3333333333333333,-1.1194444444444445,-1.2012500000000002,cftr,10,1481,1.2160739151971203,-1.2009693574897402,-1.314135267728514,-0.7877929736661005,1.5696546021436149,0.970039658763186
900,-1.3444827586206898,0.7,0.0245,0.4666666666666667,-1.4105555555555558,-1.3147499999999999,cftr,10,1481,-0.3558366634995154,1.5002991061649948,1.576104965898388,0.4934527417468984,-0.9076008101651769,-0.06719684645834734
910,-1.1986206896551725,0.5,-0.0154,0.3,-1.3138888888888889,-1.14675,cftr,10,1481,1.0039142051889827,0.41979172070310095,-0.18183078595699895,-1.10810440251935,-0.0850007305053859,1.4680959542219871
920,-1.440344827586207,0.4,-0.006800000000000003,0.5333333333333333,-1.38,-1.4675,cftr,10,1481,-1.2494790783822631,-0.12046197202784598,0.1970726593050643,1.1340755994533975,-0.6475835436060453,-1.4631252708864513
930,-1.3399999999999996,0.4,0.0009,0.4666666666666667,-1.3294444444444444,-1.34475,cftr,10,1481,-0.31404762971002986,-0.12046197202784598,0.5363234184350514,0.4934527417468984,-0.21737315711730587,-0.3413562751512646
940,-1.2486206896551724,0.5,-0.014099999999999996,0.36666666666666664,-1.2622222222222221,-1.2425,cftr,10,1481,0.5378057513832344,0.41979172070310095,-0.12455468376622175,-0.46748154481285087,0.3546648293127779,0.5930704443104271
950,-1.2574137931034481,0.1,-0.0389,0.3333333333333333,-1.1827777777777777,-1.291,cftr,10,1481,0.4558349543346378,-1.7412230502206874,-1.2172064794056603,-0.7877929736661005,1.0307097223665125,0.1498460345902114
960,-1.3927586206896556,0.6,0.0053999999999999986,0.4666666666666667,-1.4461111111111111,-1.36875,cftr,10,1481,-0.8058724120016219,0.9600454134340479,0.7345868490954334,0.4934527417468984,-1.2101663567067067,-0.5606838181055984
970,-1.1394827586206895,0.3,-0.027600000000000003,0.3,-1.1261111111111113,-1.1455,cftr,10,1481,1.5552079971040622,-0.6607156647587932,-0.719344975747368,-1.10810440251935,1.5129235621670762,1.4795192637508585
980,-1.336551724137931,0.4,-0.0006999999999999978,0.4666666666666667,-1.3016666666666667,-1.3522500000000002,cftr,10,1481,-0.2819022191027398,-0.12046197202784598,0.465829754200249,0.4934527417468984,0.019006176118264845,-0.4098961323244964
990,-1.1305172413793103,0.5,-0.0329,0.23333333333333334,-1.1761111111111109,-1.1100000000000003,cftr,10,1481,1.638786064683023,0.41979172070310095,-0.9528552385251512,-1.7487272602258492,1.0874407623430509,1.803941254370807
1000,-1.378448275862069,0.2,-0.029099999999999997,0.4666666666666667,-1.271111111111111,-1.42675,cftr,10,1481,-0.6724689579813524,-1.2009693574897402,-0.785432785967495,0.4934527417468984,0.27902344267739454,-1.0907253802452384
1010,-1.2963793103448276,0.4,-0.0167,0.4,-1.285,-1.3015,cftr,10,1481,0.09259181447222468,-0.12046197202784598,-0.23910688814777595,-0.14717011595960075,0.16083377605960916,0.053890234547688834
1020,-1.2501724137931034,0.4,-0.030700000000000005,0.36666666666666664,-1.2061111111111111,-1.27,cftr,10,1481,0.5233403166099525,-0.12046197202784598,-0.855926450202298,-0.46748154481285087,0.8321510824486315,0.34175763467525244
1030,-1.3475862068965516,0.5,0.008599999999999997,0.4666666666666667,-1.3550000000000002,-1.3442500000000002,cftr,10,1481,-0.38476753304607714,0.41979172070310095,0.8755741775650381,0.4934527417468984,-0.43484214369403357,-0.3367869513397185
1040,-1.3751724137931034,0.3,-0.019300000000000005,0.4666666666666667,-1.3644444444444446,-1.38,cftr,10,1481,-0.6419308179044224,-0.6607156647587932,-0.3536590925293302,0.4934527417468984,-0.5152111169941272,-0.6634936038654421
1050,-1.1803448275862067,0.2,-0.030699999999999998,0.26666666666666666,-1.1677777777777776,-1.186,cftr,10,1481,1.1742848814076388,-1.2009693574897402,-0.8559264502022977,-1.4284158313725996,1.1583545623137221,1.1094040350154208
1060,-1.4810344827586208,0.4,-0.0034000000000000015,0.6,-1.375,-1.52875,cftr,10,1481,-1.6287949235483223,-0.12046197202784598,0.3468716958040196,1.7746984571598967,-0.6050352636236433,-2.022867437801157
1070,-1.321551724137931,0.5,0.012,0.4,-1.3555555555555554,-1.30625,cftr,10,1481,-0.14206968296101574,0.41979172070310095,1.0253732140639937,-0.14717011595960075,-0.439569730358742,0.010481658337978712
1080,-1.3089655172413794,0.5,0.000700000000000002,0.43333333333333335,-1.2616666666666667,-1.33025,cftr,10,1481,-0.02473893424439656,0.41979172070310095,0.5275117104057012,0.1731413128936488,0.35939241597748817,-0.2088458846163551
1090,-1.447586206896552,0.7,0.013199999999999998,0.5,-1.5494444444444444,-1.40175,cftr,10,1481,-1.31698444065758,1.5002991061649948,1.0782434622400954,0.8137641706001479,-2.0894974763430323,-0.8622591896678083
1100,-1.1382758620689655,0.5,-0.007199999999999998,0.26666666666666666,-1.191111111111111,-1.1145,cftr,10,1481,1.5664588908166137,0.41979172070310095,0.17944924324636388,-1.4284158313725996,0.9597959223958412,1.762817340066872
1110,-1.2272413793103447,0.4,-0.001999999999999999,0.3,-1.2594444444444446,-1.21275,cftr,10,1481,0.7371072971484522,-0.12046197202784598,0.40855365200947186,-1.10810440251935,0.37830276263633306,0.8649452110975693
1120,-1.3451724137931036,0.0,-0.038599999999999995,0.4666666666666667,-1.235,-1.3947499999999997,cftr,10,1481,-0.3622657456209743,-2.2814767429516345,-1.203988917361635,0.4934527417468984,0.5863165758836364,-0.7982886563061247
1130,-1.178103448275862,0.6,0.005800000000000002,0.3333333333333333,-1.2144444444444444,-1.16175,cftr,10,1481,1.1951793983023775,0.9600454134340479,0.752210265154134,-0.7877929736661005,0.7612372824779603,1.3310162398755276
1140,-1.3874137931034485,0.6,-0.00010000000000000078,0.5,-1.3716666666666666,-1.3945,cftr,10,1481,-0.7560470255603153,0.9600454134340479,0.4922648782882998,0.8137641706001479,-0.5766697436353742,-0.7960039944003536
1150,-1.3141379310344827,0.5,-0.013900000000000001,0.43333333333333335,-1.315,-1.3137500000000002,cftr,10,1481,-0.07295705015533475,0.41979172070310095,-0.11574297573687164,0.1731413128936488,-0.09445590383480834,-0.058058198835253136
1160,-1.3567241379310346,0.6,0.014899999999999997,0.43333333333333335,-1.3988888888888888,-1.3377499999999998,cftr,10,1481,-0.46995287115540624,0.9600454134340479,1.153142980489573,0.1731413128936488,-0.8083214902062346,-0.27738574178958286
1170,-1.2993103448275864,0.3,-0.009900000000000003,0.4,-1.2822222222222222,-1.307,cftr,10,1481,0.06526821545602307,-0.6607156647587932,0.060491184850134494,-0.14717011595960075,0.18447170938316623,0.0036276726206555267
1180,-1.34,0.5,0.004799999999999997,0.43333333333333335,-1.383888888888889,-1.3202500000000001,cftr,10,1481,-0.314047629710034,0.41979172070310095,0.7081517250073823,0.1731413128936488,-0.6806766502590267,-0.1174594083853847
1190,-1.2065517241379309,0.5,-0.011500000000000002,0.3,-1.2816666666666667,-1.1727499999999997,cftr,10,1481,0.9299797607922112,0.41979172070310095,-0.010002479384667947,-1.10810440251935,0.18919929604787653,1.2304911160214609
1200,-1.475689655172414,0.7,0.016399999999999998,0.6,-1.5194444444444444,-1.4560000000000002,cftr,10,1481,-1.5789695371070178,1.5002991061649948,1.2192307907097002,1.7746984571598967,-1.8342077964486148,-1.3580308232208345
1210,-1.2794827586206898,0.3,-0.0125,0.36666666666666664,-1.2577777777777779,-1.2892500000000002,cftr,10,1481,0.25010432644795905,-0.6607156647587932,-0.054061019531419466,-0.46748154481285087,0.3924855226304677,0.16583866793062876
1220,-1.2493103448275862,0.3,-0.031999999999999994,0.36666666666666664,-1.2155555555555557,-1.2645,cftr,10,1481,0.5313766692617755,-0.6607156647587932,-0.9132025523930746,-0.46748154481285087,0.7517821091485359,0.39202019660228776
1230,-1.3898275862068967,0.6,0.002899999999999997,0.5333333333333333,-1.415,-1.3784999999999998,cftr,10,1481,-0.7785488129854202,0.9600454134340479,0.6244404987285544,1.1340755994533975,-0.9454215034828667,-0.6497856324307957
1240,-1.430344827586207,0.5,-0.004200000000000001,0.5666666666666667,-1.4033333333333333,-1.4425,cftr,10,1481,-1.156257387621113,0.41979172070310095,0.31162486368661846,1.4543870283066471,-0.8461421835239262,-1.2346590803090192
1250,-1.2013793103448274,0.2,-0.0576,0.3,-1.1749999999999998,-1.21325,cftr,10,1481,0.9781978767031515,-1.2009693574897402,-2.0411011801499144,-1.10810440251935,1.0968959356724732,0.8603758872860211
1260,-1.3189655172413794,0.5,0.0177,0.43333333333333335,-1.3566666666666665,-1.302,cftr,10,1481,-0.11796062500554663,0.41979172070310095,1.2765068929004775,0.1731413128936488,-0.4490249036881644,0.04932091073614072
1270,-1.316379310344828,0.3,-0.0316,0.4,-1.3083333333333333,-1.32,cftr,10,1481,-0.0938515670500796,-0.6607156647587932,-0.8955791363343744,-0.14717011595960075,-0.03772486385827175,-0.11517474647960962
1280,-1.379137931034483,0.5,-0.022000000000000002,0.5,-1.3444444444444443,-1.39475,cftr,10,1481,-0.6788980401028113,0.41979172070310095,-0.4726171509255593,0.8137641706001479,-0.3450179970645137,-0.7982886563061267
1290,-1.1320689655172413,0.1,-0.05940000000000001,0.23333333333333334,-1.0699999999999998,-1.16,cftr,10,1481,1.624320629909741,-1.7412230502206874,-2.120406552414068,-1.7487272602258492,1.9904098153029337,1.347008873215949
1300,-1.2589655172413794,0.5,-0.0113,0.4,-1.2833333333333332,-1.2479999999999998,cftr,10,1481,0.44136951956135384,0.41979172070310095,-0.0011907713553175362,-0.14717011595960075,0.1750165360537438,0.5428078823833938
1310,-1.2437931034482759,0.1,-0.0501,0.3333333333333333,-1.1894444444444445,-1.2682499999999999,cftr,10,1481,0.5828093262334442,-1.7412230502206874,-1.7106621290492778,-0.7877929736661005,0.9739786823899739,0.3577502680156739
1320,-1.3505172413793103,0.5,-0.009000000000000001,0.5,-1.3494444444444447,-1.351,cftr,10,1481,-0.41209113206227665,0.41979172070310095,0.10014387098221096,0.8137641706001479,-0.3875662770469194,-0.39847282279562307
1330,-1.3687931034482759,0.5,-0.0006000000000000002,0.4666666666666667,-1.3794444444444443,-1.364,cftr,10,1481,-0.5824618082809307,0.41979172070310095,0.47023560821492405,0.4934527417468984,-0.6428559569413331,-0.5172752418958882
1340,-1.5251724137931038,0.6,0.0088,0.6333333333333333,-1.5233333333333334,-1.526,cftr,10,1481,-2.0402561793216756,0.9600454134340479,0.8843858855943887,2.095009886013146,-1.8673009031015961,-1.9977361568376393
1350,-1.362586206896552,0.6,0.0029000000000000007,0.43333333333333335,-1.4066666666666667,-1.3427499999999999,cftr,10,1481,-0.5246000691878053,0.9600454134340479,0.6244404987285546,0.1731413128936488,-0.8745077035121954,-0.3230789799050701
1360,-1.371379310344828,0.7,0.018899999999999997,0.4666666666666667,-1.456111111111111,-1.33325,cftr,10,1481,-0.606570866236404,1.5002991061649948,1.3293771410765793,0.4934527417468984,-1.2952629166715106,-0.23626182748564784
1370,-1.3575862068965516,0.2,-0.0345,0.4666666666666667,-1.27,-1.397,cftr,10,1481,-0.4779892238072272,-1.2009693574897402,-1.0233489027599538,0.4934527417468984,0.28847861600681696,-0.8188506134580962
1380,-1.106896551724138,0.1,-0.0482,0.23333333333333334,-1.0911111111111114,-1.114,cftr,10,1481,1.8589821273429794,-1.7412230502206874,-1.6269509027704498,-1.7487272602258492,1.8107615220438957,1.7673866638784201
1390,-1.3151724137931036,0.2,-0.031999999999999994,0.4,-1.2333333333333334,-1.3519999999999999,cftr,10,1481,-0.08260067333752405,-1.2009693574897402,-0.9132025523930746,-0.14717011595960075,0.600499335877771,-0.4076114704187193
1400,-1.343103448275862,0.5,-0.009800000000000003,0.4666666666666667,-1.325,-1.3512499999999998,cftr,10,1481,-0.3429784992565957,0.41979172070310095,0.06489703886480962,0.4934527417468984,-0.17955246379961418,-0.40075748470139616
1410,-1.2141379310344829,0.4,-0.0273,0.3,-1.2205555555555554,-1.21125,cftr,10,1481,0.859259857456164,-0.12046197202784598,-0.7061274137033424,-1.10810440251935,0.7092338291661359,0.8786531825322157
1420,-1.431206896551724,0.8,0.03319999999999999,0.5333333333333333,-1.5161111111111112,-1.3929999999999998,cftr,10,1481,-1.164293740272934,2.040552798895942,1.9594142651751263,1.1340755994533975,-1.8058422764603475,-0.7822960229657052
1430,-1.5281034482758622,0.9,0.0408,0.6333333333333333,-1.5611111111111111,-1.51325,cftr,10,1481,-2.067579778337873,2.5808064916268894,2.2942591702904385,2.095009886013146,-2.1887767963019726,-1.8812183996431493
1440,-1.485,0.9,0.0402,0.5666666666666667,-1.6244444444444446,-1.42225,cftr,10,1481,-1.665762145746709,2.5808064916268894,2.2678240462023873,1.4543870283066471,-2.727721676079077,-1.0496014659413013
1450,-1.4837931034482756,0.8,0.033800000000000004,0.5666666666666667,-1.5527777777777778,-1.4527500000000002,cftr,10,1481,-1.6545112520341536,2.040552798895942,1.9858493892631777,1.4543870283066471,-2.1178629963313016,-1.3283302184457686
1460,-1.4117241379310344,0.6,0.0193,0.5333333333333333,-1.4233333333333333,-1.4064999999999999,cftr,10,1481,-0.9826721703417286,0.9600454134340479,1.34700055713528,1.1340755994533975,-1.0163353034535378,-0.9056677658775185
1470,-1.341724137931035,0.3,-0.022000000000000002,0.43333333333333335,-1.346111111111111,-1.33975,cftr,10,1481,-0.3301203350136842,-0.6607156647587932,-0.4726171509255593,0.1731413128936488,-0.3592007570586483,-0.2956630370357794
0,-1.3751724137931034,0.6,0.0158,0.5,-1.4205555555555556,-1.3547500000000001,hbb,10,148,1.416453048075054,-0.30257114167522325,-0.35215992022573794,-1.090345272770424,0.6445250809683877,1.5627962198718828
10,-1.5425862068965517,0.8,0.035100000000000006,0.6333333333333333,-1.558888888888889,-1.53525,hbb,10,148,-1.2917414294962952,0.9077134250256692,1.030886743218949,1.2580906993504928,-0.8395003036127201,-1.260067288073976
20,-1.5220689655172417,0.5,0.012299999999999998,0.6333333333333333,-1.4566666666666666,-1.5514999999999997,hbb,10,148,-0.9598411794128916,-0.9077134250256692,-0.6029714913167435,1.2580906993504928,0.25712889623838125,-1.514203199454138
30,-1.5177586206896554,0.9,0.040299999999999996,0.6333333333333333,-1.6205555555555557,-1.4715,hbb,10,148,-0.8901142361180562,1.5128557083761152,1.4035210774112992,1.2580906993504928,-1.5010537883055037,-0.26307255881331926
40,-1.3627586206896554,0.7,0.0094,0.5,-1.4083333333333334,-1.34225,hbb,10,148,1.6172666447641717,0.3025711416752226,-0.8107867930778621,-1.090345272770424,0.7756437896462356,1.7582853824720144
50,-1.3832758620689656,0.4,0.0127,0.5,-1.3333333333333333,-1.4057499999999998,hbb,10,148,1.2853663946807643,-1.5128557083761152,-0.5743073117634857,-1.090345272770424,1.580235865623946,0.7652004364633616
60,-1.4637931034482756,0.6,0.0183,0.5333333333333333,-1.463888888888889,-1.46375,hbb,10,148,-0.017132906066728255,-0.30257114167522325,-0.17300879801787705,-0.5032362797401947,0.17964965929237708,-0.14186927800124058
70,-1.478793103448276,0.6,0.016399999999999998,0.6,-1.4649999999999999,-1.4849999999999999,hbb,10,148,-0.25978266873275585,-0.30257114167522325,-0.30916365089585157,0.6709817063202635,0.16772977668530284,-0.474200854421456
80,-1.4636206896551724,0.7,0.022699999999999998,0.5333333333333333,-1.515,-1.4404999999999997,hbb,10,148,-0.014343828334939291,0.3025711416752226,0.1422971770679581,-0.5032362797401947,-0.36866494063317,0.2217405644350059
90,-1.5156896551724142,0.8,0.0323,0.5666666666666667,-1.641111111111111,-1.45925,hbb,10,148,-0.8566453033365383,0.9077134250256692,0.8302374863461446,0.08387271329003441,-1.7215716165364277,-0.07149317946519153
100,-1.485689655172414,0.9,0.0461,0.6,-1.5805555555555557,-1.443,hbb,10,148,-0.37134577800449037,1.5128557083761152,1.819151680933537,0.6709817063202635,-1.0719380144507253,0.18264273191497402
110,-1.5058620689655176,0.7,0.0206,0.6,-1.4833333333333334,-1.5159999999999998,hbb,10,148,-0.6976678726243161,0.3025711416752226,-0.008189765586644953,0.6709817063202635,-0.028948286331472534,-0.9590139776697743
120,-1.4818965517241383,0.5,0.015999999999999997,0.5666666666666667,-1.4266666666666667,-1.5067499999999998,hbb,10,148,-0.3099860679050398,-0.9077134250256692,-0.33782783044910936,0.08387271329003441,0.5789657266294626,-0.8143519973456792
130,-1.3793103448275863,0.4,-0.008,0.4666666666666667,-1.355,-1.39025,hbb,10,148,1.349515182512011,-1.5128557083761152,-2.0576786036445744,-1.677454265800653,1.3477981547859408,1.0076069980875189
0,-1.4158620689655175,0.6,-0.016900000000000002,0.5333333333333333,-1.4561111111111111,-1.3977499999999998,mecp2,10,487,0.7271122936822292,-0.5016129584259376,-1.993817738812874,-0.5911365148442077,0.5239855566946362,0.7816808242178095
10,-1.4108620689655178,0.7,0.027499999999999997,0.5666666666666667,-1.426111111111111,-1.404,mecp2,10,487,0.7684933931877526,0.11575683655983127,0.34709475840946885,-0.29556825742210385,0.7627218131461218,0.7317065573525254
20,-1.2824137931034485,0.7,0.020699999999999996,0.4,-1.3294444444444444,-1.26125,mecp2,10,487,1.8315595701400647,0.11575683655983127,-0.011423371795754882,-1.773409544532623,1.5319830839342417,1.873118812555596
30,-1.1817241379310346,0.5,-0.006500000000000003,0.3333333333333333,-1.1705555555555556,-1.18675,mecp2,10,487,2.6648892981134193,-1.1189827534117063,-1.4454958926166497,-2.3645460593768313,2.7964010347698864,2.468812073589773
40,-1.602068965517242,0.7,0.022199999999999998,0.6666666666666666,-1.6105555555555557,-1.59825,mecp2,10,487,-0.8139769292821953,0.11575683655983127,0.06766150986716218,0.5911365148442077,-0.7050640598519012,-0.8214936568204806
50,-1.603275862068966,0.6,0.0248,0.7,-1.5277777777777777,-1.6372499999999999,mecp2,10,487,-0.8239654705421489,-0.5016129584259376,0.2047419714162184,0.8867047722663115,-0.04632883371724475,-1.133333082059848
60,-1.4077586206896555,0.4,-0.016200000000000003,0.5333333333333333,-1.3549999999999998,-1.4314999999999998,mecp2,10,487,0.7941782135704948,-1.736352548397475,-1.9569114607035132,-0.5911365148442077,1.328615161771867,0.5118197831452799
70,-1.6608620689655178,0.6,0.0278,0.7333333333333333,-1.5811111111111111,-1.6967499999999998,mecp2,10,487,-1.3005615820885539,-0.5016129584259376,0.36291173474205235,1.1822730296884154,-0.47074884518655313,-1.6090881026173443
80,-1.5693103448275862,0.8,0.04440000000000001,0.6333333333333333,-1.595,-1.55775,mecp2,10,487,-0.5428593807977091,0.7331266315456008,1.2381177584783343,0.29556825742210385,-0.5812748898400183,-0.49766040753344476
90,-1.5043103448275865,0.7,0.021399999999999995,0.6333333333333333,-1.5283333333333333,-1.4934999999999998,mecp2,10,487,-0.004905087225871669,0.11575683655983127,0.025482906313606342,0.29556825742210385,-0.050749875503384057,0.016075055841668916
100,-1.4643103448275863,0.5,0.0052,0.5333333333333333,-1.4505555555555554,-1.4705,mecp2,10,487,0.3261437088183395,-1.1189827534117063,-0.828633815645897,-0.5911365148442077,0.568195974556024,0.19998035790591082
110,-1.4465517241379309,0.5,-0.0029,0.5333333333333333,-1.473888888888889,-1.43425,mecp2,10,487,0.47311795878624446,-1.1189827534117063,-1.2556921766256488,-0.5911365148442077,0.3825122195381994,0.48983110572455324
120,-1.2908620689655173,0.5,-0.009399999999999999,0.4,-1.3266666666666667,-1.27475,mecp2,10,487,1.7616397813203843,-1.1189827534117063,-1.598393330498289,-1.773409544532623,1.5540882928649347,1.7651743961265836
130,-1.392241379310345,0.6,-0.005300000000000001,0.5,-1.3455555555555554,-1.4132500000000001,mecp2,10,487,0.9226023154841981,-0.5016129584259376,-1.382227987286316,-0.8867047722663115,1.4037728721362228,0.6577446423919044
140,-1.3908620689655176,0.7,0.025899999999999996,0.5,-1.467222222222222,-1.3565,mecp2,10,487,0.9340177912098591,0.11575683655983127,0.2627375513023574,-0.8867047722663115,0.4355647209718659,1.1115109855286778
150,-1.292413793103448,0.4,-0.010400000000000001,0.4,-1.27,-1.3025,mecp2,10,487,1.748797371129016,-1.736352548397475,-1.6511165849402338,-1.773409544532623,2.0050345550510738,1.543288651244726
160,-1.6394827586206897,0.8,0.023600000000000003,0.7666666666666667,-1.6505555555555556,-1.6344999999999998,mecp2,10,487,-1.123621708340783,0.7331266315456008,0.141474066085885,1.4778412871105202,-1.0233790684538804,-1.111344404639123
170,-1.347241379310345,0.4,-0.0007000000000000027,0.43333333333333335,-1.3477777777777777,-1.347,mecp2,10,487,1.2950322110339327,-1.736352548397475,-1.1397010168533706,-1.4778412871105193,1.3860887049916673,1.187471871163909
180,-1.625,0.4,0.004599999999999999,0.7333333333333333,-1.4983333333333333,-1.682,mecp2,10,487,-1.0037592132213273,-1.736352548397475,-0.8602677683110638,1.1822730296884154,0.18798638094810158,-1.491148832815277
190,-1.5800000000000005,0.8,0.0288,0.6666666666666666,-1.6366666666666667,-1.5545000000000002,mecp2,10,487,-0.6313293176715965,0.7331266315456008,0.41563498918399705,0.5911365148442077,-0.9128530238004152,-0.4716737887634994
200,-1.59,0.7,0.011899999999999999,0.6333333333333333,-1.6188888888888888,-1.577,mecp2,10,487,-0.7140915166826451,0.11575683655983127,-0.47538801088486776,0.29556825742210385,-0.7713796866439785,-0.6515811494785173
210,-1.4289655172413795,0.7,0.014199999999999996,0.5666666666666667,-1.4861111111111112,-1.4032499999999999,mecp2,10,487,0.6186652742884365,0.11575683655983127,-0.35412452566839525,-0.29556825742210385,0.2852493002431505,0.7377034693763597
220,-1.36948275862069,0.4,-0.00020000000000000088,0.43333333333333335,-1.3666666666666665,-1.37075,mecp2,10,487,1.1109576649576265,-1.736352548397475,-1.1133393896323982,-1.4778412871105193,1.2357732842629556,0.9975696570758327
230,-1.677586206896552,0.8,0.0288,0.8,-1.6561111111111113,-1.68725,mecp2,10,487,-1.4389742252622073,0.7331266315456008,0.41563498918399705,1.7734095445326241,-1.0675894863152682,-1.5331272169821148
240,-1.4362068965517243,0.8,0.0354,0.5333333333333333,-1.4666666666666668,-1.4225,mecp2,10,487,0.5587340267287098,0.7331266315456008,0.763608468500832,-0.5911365148442077,0.4399857627580016,0.5837827274312853
250,-1.5989655172413795,0.7,0.026499999999999996,0.6666666666666666,-1.592222222222222,-1.6019999999999996,mecp2,10,487,-0.7882921088994513,0.11575683655983127,0.29437150396752415,0.5911365148442077,-0.5591696809093235,-0.8514782169396481
260,-1.5593103448275867,0.6,0.018000000000000002,0.6333333333333333,-1.516111111111111,-1.5787499999999999,mecp2,10,487,-0.4600971817866604,-0.5016129584259376,-0.15377615878900516,0.29556825742210385,0.04651304379166663,-0.665573944200796
270,-1.6717241379310348,0.7,0.0173,0.7333333333333333,-1.641111111111111,-1.6855,mecp2,10,487,-1.3904584534281432,0.11575683655983127,-0.1906824368983666,1.1822730296884154,-0.9482213580895227,-1.5191344222598362
280,-1.4977586206896552,0.8,0.028799999999999992,0.5666666666666667,-1.508888888888889,-1.4927499999999998,mecp2,10,487,0.04931842247102741,0.7331266315456008,0.4156349891839967,-0.29556825742210385,0.10398658701146707,0.022071967865503143
290,-1.3982758620689655,0.5,0.008900000000000002,0.5,-1.417777777777778,-1.3895000000000002,mecp2,10,487,0.8726596091844268,-1.1189827534117063,-0.6335577742107016,-0.8867047722663115,0.8290374399381991,0.8476468564799806
300,-1.52448275862069,1.0,0.057800000000000004,0.6333333333333333,-1.5983333333333334,-1.4912499999999997,mecp2,10,487,-0.17185641971368373,1.9678662215171383,1.9446093680003926,0.29556825742210385,-0.6078011405568505,0.03406579191317159
310,-1.4739655172413795,0.9,0.0427,0.5666666666666667,-1.5783333333333331,-1.427,mecp2,10,487,0.24623537873870194,1.3504964265313695,1.1484882259270282,-0.29556825742210385,-0.44864363625585835,0.5478012552882817
320,-1.5706896551724139,0.9,0.0517,0.6666666666666666,-1.6811111111111112,-1.521,mecp2,10,487,-0.5542748565233718,1.3504964265313695,1.62299751590453,0.5911365148442077,-1.2665363666915053,-0.20381171836557835
330,-1.3782758620689655,0.7,0.018099999999999998,0.5,-1.4194444444444445,-1.3597499999999998,mecp2,10,487,1.0381840072065314,0.11575683655983127,-0.1485038333448109,-0.8867047722663115,0.8157743145797847,1.0855243667587324
340,-1.546034482758621,0.8,0.026000000000000002,0.6333333333333333,-1.6016666666666668,-1.5210000000000001,mecp2,10,487,-0.35022322792715854,0.7331266315456008,0.2680098767465522,0.29556825742210385,-0.6343273912736829,-0.20381171836558012
350,-1.688448275862069,0.9,0.0422,0.7333333333333333,-1.77,-1.6517499999999998,mecp2,10,487,-1.5288710966017964,1.3504964265313695,1.1221265987060556,1.1822730296884154,-1.9739030524736836,-1.249273381187305
360,-1.510689655172414,0.9,0.0492,0.6333333333333333,-1.5633333333333335,-1.4869999999999999,mecp2,10,487,-0.05770166245705969,1.3504964265313695,1.4911893797996683,0.29556825742210385,-0.3292755080301182,0.06804829338156318
370,-1.556034482758621,0.8,0.03730000000000001,0.6666666666666666,-1.5772222222222223,-1.5465,mecp2,10,487,-0.4329854269382109,0.7331266315456008,0.8637826519405271,0.5911365148442077,-0.4398015526835833,-0.4077067271759349
380,-1.6386206896551725,0.5,0.019299999999999998,0.7333333333333333,-1.6105555555555557,-1.6512499999999999,mecp2,10,487,-1.116487036012244,-1.1189827534117063,-0.08523592801447734,1.1822730296884154,-0.7050640598519012,-1.2452754398380825
390,-1.5965517241379314,0.9,0.053700000000000005,0.7333333333333333,-1.662222222222222,-1.567,mecp2,10,487,-0.7683150263795442,1.3504964265313695,1.7284440247884194,1.1822730296884154,-1.1162209459627899,-0.571622322494064
400,-1.5855172413793104,0.9,0.0432,0.7,-1.6533333333333333,-1.5550000000000002,mecp2,10,487,-0.676991220574242,1.3504964265313695,1.1748498531480005,0.8867047722663115,-1.0454842773845734,-0.4756717301127216
410,-1.4536206896551727,0.8,0.0293,0.5333333333333333,-1.556111111111111,-1.4074999999999998,mecp2,10,487,0.41461364569222137,0.7331266315456008,0.4419966164049694,-0.5911365148442077,-0.2718019648103142,0.703720967907968
420,-1.621724137931035,0.8,0.0349,0.7333333333333333,-1.677777777777778,-1.5964999999999998,mecp2,10,487,-0.9766474583728834,0.7331266315456008,0.7372468412798596,1.1822730296884154,-1.2400101159746748,-0.8075008620982002
430,-1.5401724137931037,0.6,0.0206,0.6,-1.5438888888888889,-1.5385000000000002,mecp2,10,487,-0.3017074560930927,-0.5016129584259376,-0.016695697239949136,0.0,-0.1745390455152653,-0.343739665588374
440,-1.6594827586206895,0.8,0.0434,0.7,-1.6705555555555556,-1.6544999999999999,mecp2,10,487,-1.2891461063628857,0.7331266315456008,1.1853945040363894,0.8867047722663115,-1.1825365727548707,-1.2712620586080297
450,-1.5118965517241378,0.6,0.006500000000000001,0.6,-1.5016666666666667,-1.5165000000000002,mecp2,10,487,-0.0676902037170114,-0.5016129584259376,-0.7600935848713689,0.0,0.16146013023126926,-0.16783024622257656
460,-1.3870689655172415,0.5,0.0008999999999999994,0.4666666666666667,-1.428888888888889,-1.3682499999999997,mecp2,10,487,0.9654103494554326,-1.1189827534117063,-1.055343809746259,-1.1822730296884154,0.740616604215427,1.0175593638219473
470,-1.59948275862069,0.8,0.028999999999999998,0.7,-1.6416666666666666,-1.5805,mecp2,10,487,-0.7925729122965753,0.7331266315456008,0.42617964007238596,0.8867047722663115,-0.952642399875662,-0.6795667389230765
0,-1.41448275862069,0.3,-0.0229,0.5,-1.398888888888889,-1.4215,scn1a,10,1999,-0.9773017004964731,-0.7893838112668051,-0.7311087755216417,0.8580750480716094,-0.6936212698894275,-1.054193716696245
10,-1.3586206896551725,0.7,0.043699999999999996,0.4666666666666667,-1.4300000000000002,-1.3264999999999998,scn1a,10,1999,-0.430080645861554,1.3698928683496112,2.3178770789461134,0.49398776754655566,-0.9552995742209134,-0.12302682393047307
20,-1.411206896551724,0.2,-0.019200000000000002,0.4666666666666667,-1.3422222222222222,-1.4422499999999998,scn1a,10,1999,-0.9452115769221974,-1.3292029811709092,-0.5617206724956553,0.49398776754655566,-0.21699292985707624,-1.2575801695898192
30,-1.316551724137931,0.4,-0.005100000000000002,0.43333333333333335,-1.281666666666667,-1.33225,scn1a,10,1999,-0.017975901013036245,-0.2495646413627008,0.08378534173850902,0.129900487021502,0.2923451982167066,-0.17938692533471845
40,-1.3401724137931037,0.4,-0.008100000000000001,0.4,-1.3677777777777775,-1.32775,scn1a,10,1999,-0.2493625815222474,-0.2495646413627008,-0.05355636341769614,-0.23418679350355168,-0.43194296555793793,-0.13527901988791932
50,-1.318448275862069,0.4,-0.008500000000000002,0.43333333333333335,-1.2611111111111108,-1.34425,scn1a,10,1999,-0.036554393608667274,-0.2495646413627008,-0.07186859077185688,0.129900487021502,0.46523979215001454,-0.29700800652618425
60,-1.235,0.1,-0.035199999999999995,0.36666666666666664,-1.1605555555555556,-1.2685,scn1a,10,1999,0.7808992805990459,-1.8690221510750133,-1.2942097666620827,-0.598274074028606,1.3110214543642797,0.4454750684949427
70,-1.4791379310344828,0.9,0.0338,0.6333333333333333,-1.5727777777777778,-1.4369999999999998,scn1a,10,1999,-1.6106594026202141,2.4495312081578198,1.864649451930636,2.314424170171824,-2.156216078027911,-1.2061209465685534
80,-1.1617241379310344,0.5,0.00020000000000000155,0.3,-1.2027777777777777,-1.1432499999999999,scn1a,10,1999,1.4987046763392924,0.2902545285414032,0.32642235418113835,-1.3264486350787132,0.9558866127715492,1.6731451034308666
90,-1.2100000000000002,0.6,-0.013299999999999998,0.36666666666666664,-1.2188888888888887,-1.206,scn1a,10,1999,1.0257975920868931,0.8300736984455072,-0.29161531902178495,-0.598274074028606,0.8203746337427451,1.0580848663671598
100,-1.4899999999999998,0.7,0.0305,0.5666666666666667,-1.528888888888889,-1.4725,scn1a,10,1999,-1.7170634965770009,1.3698928683496112,1.7135735762588105,1.5862496091217166,-1.7870627558459935,-1.5540833117599735
110,-1.2020689655172412,0.3,-0.030000000000000006,0.3333333333333333,-1.195,-1.20525,scn1a,10,1999,1.103489470214076,-0.7893838112668051,-1.0561508110579942,-0.9623613545536597,1.0213061888544197,1.0654361839416266
120,-1.1175862068965519,0.3,-0.038,0.26666666666666666,-1.0555555555555556,-1.1455,scn1a,10,1999,1.9310768676557664,-0.7893838112668051,-1.4223953581412077,-1.690535915603767,2.1941857314830453,1.651091150707466
130,-1.2544827586206895,0.5,-0.014300000000000002,0.3333333333333333,-1.3066666666666666,-1.231,scn1a,10,1999,0.5900474930257601,0.2902545285414032,-0.3373958874071869,-0.9623613545536597,0.08206798937890791,0.8130409472182717
140,-1.2648275862068965,0.5,-0.005300000000000001,0.36666666666666664,-1.296111111111111,-1.2507499999999996,scn1a,10,1999,0.48871026068595963,0.2902545285414032,0.07462922806142873,-0.598274074028606,0.1708516997770915,0.619456251090656
150,-1.2448275862068967,0.4,-0.010499999999999999,0.4,-1.2077777777777778,-1.2615000000000003,scn1a,10,1999,0.684628909876236,-0.2495646413627008,-0.16342972754266016,-0.23418679350355168,0.9138311710039879,0.5140873658566278
160,-1.1517241379310343,0.1,-0.0455,0.26666666666666666,-1.1222222222222225,-1.165,scn1a,10,1999,1.5966640009344317,-1.8690221510750133,-1.7657496210317207,-1.690535915603767,1.633446507915573,1.4599568937713334
170,-1.1689655172413793,0.2,-0.0518,0.26666666666666666,-1.1633333333333333,-1.1715,scn1a,10,1999,1.4277686137014316,-1.3292029811709092,-2.0541672018597517,-1.690535915603767,1.2876573200489685,1.3962454747926234
180,-1.2858620689655174,0.3,-0.014599999999999998,0.43333333333333335,-1.2027777777777777,-1.3232499999999998,scn1a,10,1999,0.2826578882616997,-0.7893838112668051,-0.3511300579228072,0.129900487021502,0.9558866127715492,-0.09117111444111803
190,-1.2965517241379307,0.5,0.0043999999999999985,0.36666666666666664,-1.3455555555555554,-1.2745000000000002,scn1a,10,1999,0.17794274817724454,0.2902545285414032,0.5187007413998255,-0.598274074028606,-0.24502989103544853,0.38666452789920763
200,-1.4941379310344831,0.8,0.0253,0.6,-1.5405555555555555,-1.4732499999999997,scn1a,10,1999,-1.7575983895129264,1.9097120382537158,1.4755146206547216,1.9503368896467703,-1.8851921199702992,-1.561434629334438
210,-1.3287931034482758,0.4,-0.0147,0.4,-1.3311111111111111,-1.3277499999999998,scn1a,10,1999,-0.13789162594846557,-0.2495646413627008,-0.35570811476134745,-0.23418679350355168,-0.12353639259583153,-0.13527901988791716
220,-1.3462068965517238,0.5,-0.005300000000000001,0.43333333333333335,-1.3516666666666668,-1.34375,scn1a,10,1999,-0.3084759670537908,0.2902545285414032,0.07462922806142873,0.129900487021502,-0.29643098652913574,-0.29210712814320705
230,-1.4884482758620694,0.6,0.014299999999999998,0.6,-1.4877777777777779,-1.48875,scn1a,10,1999,-1.7018629117260375,0.8300736984455072,0.9719283684153025,1.9503368896467703,-1.4412735679793869,-1.7133618592067508
240,-1.3220689655172415,0.6,0.0101,0.43333333333333335,-1.3894444444444443,-1.29175,scn1a,10,1999,-0.07202242492759767,0.8300736984455072,0.7796499811966153,0.129900487021502,-0.6141832132173661,0.21758422368647803
250,-1.373448275862069,0.7,0.021,0.4666666666666667,-1.4816666666666667,-1.32475,scn1a,10,1999,-0.5753306788819323,1.3698928683496112,1.2786581765974943,0.49398776754655566,-1.3898724724857017,-0.10587374959005397
260,-1.3794827586206895,0.6,0.0026000000000000025,0.4666666666666667,-1.4322222222222223,-1.3557499999999998,scn1a,10,1999,-0.6344440644134801,0.8300736984455072,0.43629571830610253,0.49398776754655566,-0.9739908816731616,-0.40972820933467063
270,-1.2593103448275864,0.5,-0.0195,0.4,-1.225,-1.27475,scn1a,10,1999,0.5427567846005167,0.2902545285414032,-0.5754548430112757,-0.23418679350355168,0.7689735382490579,0.38421408870772017
280,-1.445,0.5,0.0097,0.5333333333333333,-1.4300000000000002,-1.45175,scn1a,10,1999,-1.2762465358988773,0.2902545285414032,0.7613377538424547,1.222162328596663,-0.9552995742209134,-1.3506968588663992
290,-1.0479310344827586,0.2,-0.0546,0.2,-1.0477777777777777,-1.0479999999999998,scn1a,10,1999,2.6134142320770826,-1.3292029811709092,-2.1823527933388767,-2.4187104766538745,2.2596053075659177,2.606762435388126
300,-1.153448275862069,0.1,-0.043399999999999994,0.26666666666666666,-1.1133333333333333,-1.1715,scn1a,10,1999,1.5797744622111303,-1.8690221510750133,-1.6696104274223769,-1.690535915603767,1.7082117377245716,1.3962454747926234
310,-1.201551724137931,0.4,-0.023300000000000005,0.3333333333333333,-1.2288888888888887,-1.18925,scn1a,10,1999,1.1085563318310647,-0.2495646413627008,-0.7494210028758025,-0.9623613545536597,0.7362637502076245,1.2222642921969145
320,-1.2127586206896552,0.3,-0.0274,0.3333333333333333,-1.2533333333333334,-1.1945000000000001,scn1a,10,1999,0.9987743301296145,-0.7893838112668051,-0.9371213332559495,-0.9623613545536597,0.5306593682328832,1.1708050691756462
330,-1.2310344827586208,0.1,-0.0523,0.36666666666666664,-1.1477777777777778,-1.2685,scn1a,10,1999,0.8197452196626352,-1.8690221510750133,-2.0770574860524524,-0.598274074028606,1.4184964722147115,0.4454750684949427
340,-1.354482758620689,0.3,-0.0191,0.5,-1.2877777777777777,-1.3845,scn1a,10,1999,-0.38954575292562643,-0.7893838112668051,-0.557142615657115,0.8580750480716094,0.24094410272302502,-0.6915287163558932
350,-1.2786206896551722,0.2,-0.029600000000000005,0.36666666666666664,-1.2399999999999998,-1.296,scn1a,10,1999,0.35359395089956264,-1.3292029811709092,-1.0378385837038335,-0.598274074028606,0.6428072129463798,0.17592675743116643
360,-1.3350000000000002,0.6,0.010799999999999997,0.4666666666666667,-1.358888888888889,-1.32425,scn1a,10,1999,-0.19869396535234718,0.8300736984455072,0.8116963790663965,0.49398776754655566,-0.3571777357489451,-0.1009728712070746
370,-1.2879310344827586,0.4,-0.024800000000000003,0.36666666666666664,-1.2527777777777775,-1.3037500000000002,scn1a,10,1999,0.2623904417937413,-0.2495646413627008,-0.8180918554539051,-0.598274074028606,0.5353321950959481,0.09996314249501007
380,-1.2539655172413793,0.5,0.0010000000000000002,0.4,-1.2722222222222224,-1.24575,scn1a,10,1999,0.5951143546427486,0.2902545285414032,0.36304680888945967,-0.23418679350355168,0.37178325488876607,0.6684650349204302
390,-1.3932758620689654,0.4,-0.012200000000000003,0.4666666666666667,-1.3522222222222222,-1.41175,scn1a,10,1999,-0.7695603741998793,-0.2495646413627008,-0.24125669379784329,0.49398776754655566,-0.30110381339219683,-0.9586265882281798
400,-1.1894827586206898,0.5,-0.03370000000000001,0.3,-1.1822222222222223,-1.1927500000000002,scn1a,10,1999,1.2267831028941623,0.2902545285414032,-1.2255389140839807,-1.3264486350787132,1.1287812067048515,1.1879581435160675
410,-1.2089655172413791,0.5,-0.009000000000000003,0.3333333333333333,-1.245,-1.1927499999999998,scn1a,10,1999,1.0359313153208767,0.2902545285414032,-0.09475887496455776,-0.9623613545536597,0.6007517711788167,1.1879581435160718
420,-1.4801724137931034,0.8,0.0289,0.5666666666666667,-1.5572222222222223,-1.4455,scn1a,10,1999,-1.6207931258541934,1.9097120382537158,1.6403246668421678,1.5862496091217166,-2.0253769258621683,-1.2894358790791765
430,-1.4089655172413793,0.5,0.0008999999999999966,0.5,-1.3961111111111113,-1.41475,scn1a,10,1999,-0.9232551765819095,0.2902545285414032,0.3584687520509194,0.8580750480716094,-0.6702571355741164,-0.9880318585260451
440,-1.36,0.6,0.006899999999999999,0.4666666666666667,-1.3877777777777778,-1.3475,scn1a,10,1999,-0.44359227684019437,0.8300736984455072,0.6331521623633298,0.49398776754655566,-0.6001647326281809,-0.32886371601553926
450,-1.4108620689655174,0.5,0.008499999999999999,0.5,-1.3594444444444447,-1.4339999999999997,scn1a,10,1999,-0.9418336691775405,0.2902545285414032,0.7064010717799726,0.8580750480716094,-0.3618505626120081,-1.1767156762706859
460,-1.4927586206896548,0.3,-0.012199999999999999,0.5666666666666667,-1.3633333333333333,-1.5509999999999997,scn1a,10,1999,-1.7440867585342794,-0.7893838112668051,-0.24125669379784312,1.5862496091217166,-0.3945603506534415,-2.323521217887476
470,-1.5541379310344827,0.5,-0.0035000000000000005,0.6333333333333333,-1.548888888888889,-1.5565000000000002,scn1a,10,1999,-2.3453543370837577,0.2902545285414032,0.15703425115515185,2.314424170171824,-1.9552845229162346,-2.377430880100236
480,-1.3351724137931034,0.5,0.0003999999999999976,0.4666666666666667,-1.3405555555555557,-1.33275,scn1a,10,1999,-0.2003829192246745,0.2902545285414032,0.3355784678582185,0.49398776754655566,-0.20297444926789102,-0.18428780371769782
490,-1.300689655172414,0.4,-0.006199999999999997,0.43333333333333335,-1.251111111111111,-1.323,scn1a,10,1999,0.13740785524131913,-0.2495646413627008,0.033426716514567335,0.129900487021502,0.5493506756851333,-0.08872067524963051
500,-1.2703448275862068,0.5,-0.0094,0.36666666666666664,-1.305,-1.2547499999999998,scn1a,10,1999,0.4346637367714004,0.2902545285414032,-0.11307110231871834,-0.598274074028606,0.09608646996809499,0.580249224026832
510,-1.3181034482758618,0.4,-0.0056000000000000025,0.4666666666666667,-1.2983333333333333,-1.327,scn1a,10,1999,-0.03317648586400392,-0.2495646413627008,0.06089505754580813,0.49398776754655566,0.15216039232484144,-0.12792770231345243
520,-1.3044827586206897,0.5,0.004799999999999996,0.43333333333333335,-1.311111111111111,-1.3014999999999999,scn1a,10,1999,0.10025087005006142,0.2902545285414032,0.5370129687539861,0.129900487021502,0.04468537447441153,0.1220170952184129
530,-1.358275862068966,0.5,-0.005500000000000001,0.4666666666666667,-1.345,-1.3642499999999997,scn1a,10,1999,-0.4267027381168972,0.2902545285414032,0.06547311438434836,0.49398776754655566,-0.2403570641723874,-0.4930431418452917
540,-1.2644827586206897,0.6,0.003,0.4,-1.302777777777778,-1.24725,scn1a,10,1999,0.49208816843061864,0.8300736984455072,0.45460794566026314,-0.23418679350355168,0.11477777742034131,0.6537623997714964
550,-1.4579310344827592,0.7,0.023800000000000005,0.5333333333333333,-1.5138888888888888,-1.43275,scn1a,10,1999,-1.4029180763236313,1.3698928683496112,1.4068437680766193,1.222162328596663,-1.6608964305433116,-1.1644634803132439
560,-1.3724137931034481,0.4,-0.019200000000000002,0.5,-1.3166666666666667,-1.3975000000000002,scn1a,10,1999,-0.565196955647951,-0.2495646413627008,-0.5617206724956553,0.8580750480716094,-0.0020428941562126855,-0.8189515543133156
570,-1.3915517241379314,0.4,-0.0095,0.4666666666666667,-1.3961111111111109,-1.3895,scn1a,10,1999,-0.7526708354765843,-0.2495646413627008,-0.11764915915725849,0.49398776754655566,-0.6702571355741126,-0.7405375001856696
580,-1.3775862068965516,0.6,0.0194,0.5,-1.3894444444444443,-1.37225,scn1a,10,1999,-0.6158655718178513,0.8300736984455072,1.2054092671808516,0.8580750480716094,-0.6141832132173661,-0.5714571959729378
590,-1.4277586206896553,0.5,0.0019000000000000002,0.5,-1.4466666666666668,-1.4192500000000001,scn1a,10,1999,-1.1073511486658794,0.2902545285414032,0.4042493204363212,0.8580750480716094,-1.0954843801127805,-1.0321397639728465
600,-1.3525862068965517,0.6,0.0059,0.4666666666666667,-1.3966666666666665,-1.3327499999999999,scn1a,10,1999,-0.3709672603300041,0.8300736984455072,0.5873715939779282,0.49398776754655566,-0.6749299624371756,-0.18428780371769565
610,-1.5810344827586207,0.6,0.022299999999999997,0.6666666666666666,-1.51,-1.613,scn1a,10,1999,-2.608831141167236,0.8300736984455072,1.3381729154985165,2.678511450696878,-1.6281866425018763,-2.9312301373767182
620,-1.4267241379310347,0.7,0.012199999999999999,0.5666666666666667,-1.4416666666666669,-1.42,scn1a,10,1999,-1.0972174254319003,1.3698928683496112,0.875789174805959,1.5862496091217166,-1.053428938345221,-1.0394910815473113
630,-1.4624137931034484,0.6,-0.0071,0.5333333333333333,-1.4722222222222223,-1.4579999999999997,scn1a,10,1999,-1.4468308770042069,0.8300736984455072,-0.007775795032294366,1.222162328596663,-1.310434415813644,-1.4119578386536173
640,-1.4401724137931036,0.6,0.0126,0.5,-1.4927777777777778,-1.4164999999999999,scn1a,10,1999,-1.2289558274736383,0.8300736984455072,0.8941014021601198,0.8580750480716094,-1.4833290097469463,-1.0051849328664664
650,-1.4013793103448275,0.2,-0.017300000000000003,0.5,-1.3222222222222222,-1.4369999999999998,scn1a,10,1999,-0.8489412061993897,-1.3292029811709092,-0.4747375925633921,0.8580750480716094,-0.048771162786835034,-1.2061209465685534
660,-1.4700000000000002,0.4,0.00010000000000000078,0.5666666666666667,-1.4827777777777778,-1.4642499999999998,scn1a,10,1999,-1.5211448473867266,-0.2495646413627008,0.3218442973425982,1.5862496091217166,-1.3992181262118257,-1.47321881844084
670,-1.2920689655172413,0.3,-0.008100000000000001,0.4,-1.2527777777777778,-1.30975,scn1a,10,1999,0.22185554885782244,-0.7893838112668051,-0.05355636341769614,-0.23418679350355168,0.5353321950959462,0.041152601899279356
680,-1.3336206896551726,0.5,0.0007999999999999993,0.43333333333333335,-1.3772222222222221,-1.3139999999999996,scn1a,10,1999,-0.18518233437370682,0.2902545285414032,0.3538906952123793,0.129900487021502,-0.5113810222299974,-0.0005048643560279078
690,-1.3182758620689659,0.3,-0.021,0.43333333333333335,-1.2950000000000002,-1.3287499999999999,scn1a,10,1999,-0.03486543973633995,-0.7893838112668051,-0.6441256955893784,0.129900487021502,0.18019735350321373,-0.14508077665387373
700,-1.321551724137931,0.3,-0.0323,0.43333333333333335,-1.2472222222222225,-1.355,scn1a,10,1999,-0.06695556331060698,-0.7893838112668051,-1.161446118344418,0.129900487021502,0.5820604637265666,-0.40237689176020597
710,-1.2079310344827587,0.2,-0.0323,0.36666666666666664,-1.1483333333333334,-1.2347499999999998,scn1a,10,1999,1.0460650385548536,-1.3292029811709092,-1.161446118344418,-0.598274074028606,1.4138236453516486,0.7762843593459416
720,-1.3167241379310344,0.4,-0.021300000000000003,0.4,-1.3077777777777777,-1.3207499999999999,scn1a,10,1999,-0.019664854885365745,-0.2495646413627008,-0.657859866104999,-0.23418679350355168,0.07272233565278381,-0.06666672252622986
730,-1.2386206896551721,0.6,0.004000000000000001,0.36666666666666664,-1.29,-1.2154999999999998,scn1a,10,1999,0.7454312492801198,0.8300736984455072,0.5003885140456649,-0.598274074028606,0.22225279527077496,0.9649681770905844
740,-1.215862068965517,0.3,-0.0381,0.3333333333333333,-1.1844444444444444,-1.23,scn1a,10,1999,0.968373160427677,-0.7893838112668051,-1.426973414979748,-0.9623613545536597,1.1100898992526034,0.8228427039842282
750,-1.3770689655172412,0.6,0.0076999999999999985,0.4666666666666667,-1.4205555555555556,-1.3575000000000002,scn1a,10,1999,-0.6107987102008606,0.8300736984455072,0.6697766170716513,0.49398776754655566,-0.875861517548854,-0.42688128367509626
760,-1.296896551724138,0.6,0.011600000000000003,0.4,-1.323888888888889,-1.2847500000000003,scn1a,10,1999,0.1745648404325812,0.8300736984455072,0.8483208337747181,-0.23418679350355168,-0.06278964337602211,0.2861965210481631
770,-1.3581034482758623,0.6,0.017900000000000006,0.4666666666666667,-1.4194444444444445,-1.3305,scn1a,10,1999,-0.4250137842445655,0.8300736984455072,1.1367384146027493,0.49398776754655566,-0.8665158638227298,-0.16223385099429719
780,-1.2798275862068966,0.5,-0.0036999999999999993,0.36666666666666664,-1.3144444444444443,-1.26425,scn1a,10,1999,0.34177127379324956,0.2902545285414032,0.14787813747807158,-0.598274074028606,0.016648413296037372,0.48713253475025214
790,-1.2893103448275862,0.5,-0.009900000000000003,0.4,-1.2983333333333331,-1.28525,scn1a,10,1999,0.24887881081510096,0.2902545285414032,-0.1359613865114193,-0.23418679350355168,0.1521603923248433,0.28129564266518814
800,-1.2289655172413796,0.3,-0.026999999999999996,0.3333333333333333,-1.1905555555555554,-1.2462499999999999,scn1a,10,1999,0.8400126661305937,-0.7893838112668051,-0.9188091059017885,-0.9623613545536597,1.05868880375892,0.663564156537453
810,-1.2100000000000002,0.4,-0.003,0.36666666666666664,-1.2183333333333333,-1.2062499999999996,scn1a,10,1999,1.0257975920868931,-0.2495646413627008,0.17992453534785274,-0.598274074028606,0.8250474606058062,1.0556344271756746
820,-1.2556896551724137,0.5,-0.0124,0.36666666666666664,-1.2477777777777779,-1.2592500000000002,scn1a,10,1999,0.5782248159194493,0.2902545285414032,-0.2504128074749235,-0.598274074028606,0.5773876368635056,0.5361413185800284
830,-1.4070689655172417,0.4,-0.0028000000000000013,0.5,-1.3961111111111113,-1.4120000000000001,scn1a,10,1999,-0.9046766839862829,-0.2495646413627008,0.18908064902493302,0.8580750480716094,-0.6702571355741164,-0.9610770274196695
840,-1.2912068965517238,0.2,-0.0324,0.4,-1.2305555555555554,-1.3185,scn1a,10,1999,0.23030031821947428,-1.3292029811709092,-1.1660241751829579,-0.23418679350355168,0.7222452696184375,-0.04461276980283139
850,-1.3996551724137931,0.5,-0.005800000000000001,0.43333333333333335,-1.4005555555555553,-1.3992499999999999,scn1a,10,1999,-0.8320516674760904,0.2902545285414032,0.05173894386872784,0.129900487021502,-0.7076397504786108,-0.8361046286537347
860,-1.2179310344827585,0.4,-0.038,0.3333333333333333,-1.2316666666666667,-1.21175,scn1a,10,1999,0.9481057139597164,-0.2495646413627008,-1.4223953581412077,-0.9623613545536597,0.7128996158923114,1.0017247649629144
870,-1.5289655172413796,0.7,0.029100000000000004,0.6,-1.587222222222222,-1.50275,scn1a,10,1999,-2.0987670717235836,1.3698928683496112,1.6494807805192484,1.9503368896467703,-2.277709576467528,-1.8505864539301276
880,-1.3679310344827584,0.8,0.029600000000000005,0.4666666666666667,-1.4438888888888888,-1.3337499999999998,scn1a,10,1999,-0.5212841549673709,1.9097120382537158,1.6723710647119494,0.49398776754655566,-1.0721202457974675,-0.19408956048365003
890,-1.4941379310344827,0.8,0.0327,0.5333333333333333,-1.5922222222222222,-1.45,scn1a,10,1999,-1.757598389512922,1.9097120382537158,1.8142908267066944,1.222162328596663,-2.3197650182350893,-1.3335437845259757
900,-1.258793103448276,0.4,-0.006900000000000001,0.36666666666666664,-1.2466666666666666,-1.26425,scn1a,10,1999,0.5478236462175073,-0.2495646413627008,0.0013803186447859642,-0.598274074028606,0.5867332905896315,0.48713253475025214
910,-1.4465517241379313,0.5,0.011600000000000003,0.5333333333333333,-1.4066666666666667,-1.4645,scn1a,10,1999,-1.2914471207498495,0.2902545285414032,0.8483208337747181,1.222162328596663,-0.759040845972298,-1.4756692576323296
920,-1.3579310344827586,0.9,0.0506,0.4666666666666667,-1.458888888888889,-1.3125,scn1a,10,1999,-0.42332483037223384,2.4495312081578198,2.633763000805385,0.49398776754655566,-1.1982865711001494,0.014197770792901507
930,-1.527241379310345,0.8,0.023100000000000002,0.6,-1.5916666666666666,-1.4982499999999999,scn1a,10,1999,-2.0818775330002817,1.9097120382537158,1.3747973702068381,1.9503368896467703,-2.315092191372026,-1.8064785484833263
940,-1.350344827586207,0.8,0.0113,0.5,-1.415,-1.32125,scn1a,10,1999,-0.3490108599897162,1.9097120382537158,0.8345866632590974,0.8580750480716094,-0.8291332489182316,-0.07156760090920923
950,-1.4424137931034482,0.4,0.011899999999999997,0.5333333333333333,-1.3722222222222222,-1.4740000000000002,scn1a,10,1999,-1.2509122278139262,-0.2495646413627008,0.8620550042903384,1.222162328596663,-0.46932558046243805,-1.5687859469089094
960,-1.3124137931034483,0.7,0.015799999999999998,0.4,-1.4227777777777777,-1.26275,scn1a,10,1999,0.022558991922882642,1.3698928683496112,1.0405992209934052,-0.23418679350355168,-0.8945528250011021,0.501835169899186
970,-1.3993103448275863,0.7,0.014099999999999998,0.5,-1.4594444444444443,-1.3722500000000002,scn1a,10,1999,-0.8286737597314314,1.3698928683496112,0.9627722547382223,0.8580750480716094,-1.2029593979632103,-0.5714571959729399
980,-1.3718965517241384,0.4,-0.0108,0.4666666666666667,-1.3527777777777776,-1.3804999999999998,scn1a,10,1999,-0.5601300940309668,-0.2495646413627008,-0.17716389805828078,0.49398776754655566,-0.30577664025525797,-0.6523216892920691
990,-1.1879310344827585,0.2,-0.028200000000000003,0.3,-1.1488888888888888,-1.2055,scn1a,10,1999,1.2419836877451345,-1.3292029811709092,-0.9737457879642709,-1.3264486350787132,1.4091508184885875,1.062985744750137
1000,-1.3448275862068968,0.5,-0.0009000000000000001,0.43333333333333335,-1.3733333333333333,-1.332,scn1a,10,1999,-0.294964336075157,0.2902545285414032,0.2760637289571964,0.129900487021502,-0.4786712341885621,-0.17693648614323093
1010,-1.1327586206896552,0.1,-0.061399999999999996,0.26666666666666666,-1.086666666666667,-1.1535,scn1a,10,1999,1.7824489268907289,-1.8690221510750133,-2.4936606583596084,-1.690535915603767,1.9325074271515574,1.572677096579822
1020,-1.1818965517241375,0.4,-0.015000000000000003,0.3,-1.1949999999999998,-1.1759999999999997,scn1a,10,1999,1.3010970732766864,-0.2495646413627008,-0.3694422852769681,-1.3264486350787132,1.0213061888544215,1.3521375693458264
1030,-1.1320689655172413,0.1,-0.044000000000000004,0.23333333333333334,-1.0933333333333333,-1.1495,scn1a,10,1999,1.7892047423800492,-1.8690221510750133,-1.6970787684536184,-2.0546231961288206,1.8764335047948129,1.611884123643644
1040,-1.2212068965517242,0.4,-0.011600000000000003,0.3333333333333333,-1.2255555555555557,-1.2192500000000002,scn1a,10,1999,0.9160155903854451,-0.2495646413627008,-0.21378835276660224,-0.9623613545536597,0.764300711385995,0.9282115892182478
1050,-1.273103448275862,0.3,-0.028200000000000003,0.36666666666666664,-1.2705555555555557,-1.2742499999999999,scn1a,10,1999,0.4076404748141197,-0.7893838112668051,-0.9737457879642709,-0.598274074028606,0.38580173547795316,0.38911496709069954
1060,-1.1462068965517243,0.1,-0.042300000000000004,0.3,-1.0905555555555557,-1.1712500000000001,scn1a,10,1999,1.6507105248489888,-1.8690221510750133,-1.6192518021984355,-1.3264486350787132,1.8997976391101221,1.3986959139841109
1070,-1.3493103448275865,0.2,-0.0284,0.4666666666666667,-1.2972222222222223,-1.37275,scn1a,10,1999,-0.33887713675573705,-1.3292029811709092,-0.9829019016413512,0.49398776754655566,0.16150604605096552,-0.5763580743559149
1080,-1.1343103448275864,0.1,-0.0365,0.23333333333333334,-1.1372222222222221,-1.133,scn1a,10,1999,1.767248342039757,-1.8690221510750133,-1.353724505563105,-2.0546231961288206,1.5072801826128952,1.7736131102819088
1090,-1.2648275862068963,0.6,0.009999999999999998,0.36666666666666664,-1.3688888888888888,-1.218,scn1a,10,1999,0.4887102606859618,0.8300736984455072,0.7750719243580751,-0.598274074028606,-0.4412886192840639,0.9404637851756941
1100,-1.3213793103448277,0.1,-0.0382,0.43333333333333335,-1.2388888888888887,-1.3584999999999998,scn1a,10,1999,-0.06526660943827749,-1.8690221510750133,-1.4315514718182882,0.129900487021502,0.6521528666725039,-0.4366830404410485
1110,-1.2289655172413791,0.4,-0.0194,0.3333333333333333,-1.2522222222222221,-1.2185000000000001,scn1a,10,1999,0.840012666130598,-0.2495646413627008,-0.5708767861727356,-0.9623613545536597,0.5400050219590091,0.9355629067927147
1120,-1.2577586206896552,0.3,-0.022700000000000005,0.4,-1.2294444444444443,-1.2704999999999997,scn1a,10,1999,0.5579573694514888,-0.7893838112668051,-0.7219526618445615,-0.23418679350355168,0.7315909233445616,0.4258715549630339
1130,-1.2737931034482757,0.4,-0.017900000000000003,0.36666666666666664,-1.303888888888889,-1.2602499999999999,scn1a,10,1999,0.40088465932480166,-0.2495646413627008,-0.5022059335946331,-0.598274074028606,0.10543212369421721,0.5263395618140763
1140,-1.4939655172413797,0.5,0.012300000000000004,0.5666666666666667,-1.5205555555555557,-1.4819999999999998,scn1a,10,1999,-1.7559094356405969,0.2902545285414032,0.8803672316444994,1.5862496091217166,-1.71697035290006,-1.6472000010365488
1150,-1.4106896551724137,0.3,-0.0177,0.5333333333333333,-1.3533333333333335,-1.4364999999999999,scn1a,10,1999,-0.9401447153052088,-0.7893838112668051,-0.49304981991755265,1.222162328596663,-0.3104494671183228,-1.201220068185576
1160,-1.2839655172413793,0.1,-0.013599999999999998,0.4,-1.1933333333333334,-1.3247499999999999,scn1a,10,1999,0.3012363808573307,-1.8690221510750133,-0.3053494895374055,-0.23418679350355168,1.0353246694436067,-0.10587374959005179
1170,-1.3143103448275864,0.3,-0.014400000000000001,0.4,-1.2788888888888887,-1.3302500000000002,scn1a,10,1999,0.003980499327251612,-0.7893838112668051,-0.341973944245727,-0.23418679350355168,0.3157093325320215,-0.15978341180280967
1180,-1.3379310344827589,0.3,-0.013399999999999999,0.43333333333333335,-1.326111111111111,-1.3432499999999998,scn1a,10,1999,-0.22740618118195738,-0.7893838112668051,-0.2961933758603252,0.129900487021502,-0.0814809508282703,-0.2872062497602277
1190,-1.383448275862069,0.6,-0.006100000000000002,0.4666666666666667,-1.4344444444444444,-1.3605,scn1a,10,1999,-0.6732900034770717,0.8300736984455072,0.038004773353107285,0.49398776754655566,-0.9926821891254098,-0.45628655397296164
1200,-1.2493103448275862,0.4,-0.018000000000000002,0.36666666666666664,-1.2277777777777776,-1.259,scn1a,10,1999,0.6407161091956581,-0.2495646413627008,-0.5067839904331732,-0.598274074028606,0.7456094039337486,0.5385917577715204
1210,-1.2265517241379311,0.5,0.012199999999999997,0.3333333333333333,-1.2688888888888887,-1.2075,scn1a,10,1999,0.8636580203432154,0.2902545285414032,0.8757891748059589,-0.9623613545536597,0.39982021606714213,1.0433822312182262
1220,-1.2468965517241373,0.1,-0.045500000000000006,0.36666666666666664,-1.2016666666666667,-1.26725,scn1a,10,1999,0.6643614634082843,-1.8690221510750133,-1.7657496210317212,-0.598274074028606,0.9652322664976732,0.4577272644523868
1230,-1.2936206896551727,0.6,0.0053,0.4,-1.336666666666667,-1.2742499999999999,scn1a,10,1999,0.2066549640068482,0.8300736984455072,0.5599032529466871,-0.23418679350355168,-0.17026466122645575,0.38911496709069954
1240,-1.259310344827586,0.5,0.008099999999999996,0.36666666666666664,-1.292777777777778,-1.24425,scn1a,10,1999,0.542756784600521,0.2902545285414032,0.6880888444258118,-0.598274074028606,0.19888866095546193,0.6831676700693619
1250,-1.1929310344827588,0.4,-0.0144,0.3,-1.2066666666666666,-1.18675,scn1a,10,1999,1.1930040254475613,-0.2495646413627008,-0.34197394424572697,-1.3264486350787132,0.9231768247301139,1.2467686841118026
1260,-1.2724137931034483,0.4,-0.015200000000000002,0.4,-1.2522222222222221,-1.2814999999999999,scn1a,10,1999,0.4143962903034399,-0.2495646413627008,-0.3785983989540484,-0.23418679350355168,0.5400050219590091,0.3180522305375225
1270,-1.3639655172413792,0.6,-0.0033,0.43333333333333335,-1.4083333333333334,-1.344,scn1a,10,1999,-0.48243821590378155,0.8300736984455072,0.16619036483223223,0.129900487021502,-0.7730593265614851,-0.29455756733469673
1280,-1.2813793103448277,0.2,-0.045899999999999996,0.36666666666666664,-1.2166666666666666,-1.3104999999999998,scn1a,10,1999,0.32657068894227975,-1.3292029811709092,-1.7840618483858814,-0.598274074028606,0.8390659411949933,0.03380128432481465
1290,-1.3793103448275865,0.4,-0.003900000000000002,0.5,-1.338888888888889,-1.3975000000000002,scn1a,10,1999,-0.632755110541155,-0.2495646413627008,0.1387220238009911,0.8580750480716094,-0.18895596867870396,-0.8189515543133156
1300,-1.2886206896551726,0.4,-0.007599999999999996,0.43333333333333335,-1.2627777777777776,-1.30025,scn1a,10,1999,0.25563462630441897,-0.2495646413627008,-0.03066607922499501,0.129900487021502,0.45122131156082745,0.13426929117585698
1310,-1.2772413793103448,0.1,-0.043,0.4,-1.1816666666666666,-1.3202500000000001,scn1a,10,1999,0.3671055818782008,-1.8690221510750133,-1.6512982000682164,-0.23418679350355168,1.1334540335679144,-0.06176584414325484
1320,-1.4058620689655172,0.6,-0.0129,0.5,-1.4483333333333333,-1.3867499999999997,scn1a,10,1999,-0.8928540068799699,0.8300736984455072,-0.2733030916676244,0.8580750480716094,-1.1095028607019657,-0.7135826690792895
1330,-1.3465517241379312,0.4,-0.002899999999999997,0.43333333333333335,-1.3555555555555556,-1.3425000000000002,scn1a,10,1999,-0.31185387479845633,-0.2495646413627008,0.18450259218639303,0.129900487021502,-0.329140774570571,-0.2798549321857651
1340,-1.1889655172413796,0.4,-0.0149,0.3333333333333333,-1.18,-1.193,scn1a,10,1999,1.231849964511151,-0.2495646413627008,-0.3648642284384278,-0.9623613545536597,1.1474725141571016,1.18550770432458
1350,-1.4024137931034486,0.6,-0.0006999999999999992,0.4666666666666667,-1.4183333333333334,-1.3952499999999999,scn1a,10,1999,-0.8590749294333733,0.8300736984455072,0.28521984263427674,0.49398776754655566,-0.8571702100966058,-0.7968976015899127
1360,-1.2322413793103448,0.5,0.012,0.3333333333333333,-1.2605555555555557,-1.2195,scn1a,10,1999,0.8079225425563266,0.2902545285414032,0.8666330611288787,-0.9623613545536597,0.4699126190130738,0.9257611500267603
1370,-1.3901724137931033,0.6,0.006900000000000002,0.4666666666666667,-1.4727777777777777,-1.353,scn1a,10,1999,-0.7391592044979396,0.8300736984455072,0.6331521623633299,0.49398776754655566,-1.3151072426767052,-0.382773378228295
1380,-1.1341379310344828,0.1,-0.0546,0.26666666666666666,-1.0955555555555554,-1.1515,scn1a,10,1999,1.7689372959120886,-1.8690221510750133,-2.1823527933388767,-1.690535915603767,1.8577421973425645,1.592280610111733
1390,-1.298103448275862,0.3,-0.0209,0.4,-1.2316666666666667,-1.328,scn1a,10,1999,0.1627421633262725,-0.7893838112668051,-0.6395476387508381,-0.23418679350355168,0.7128996158923114,-0.137729459079409
1400,-1.163448275862069,0.2,-0.058399999999999994,0.3,-1.0727777777777776,-1.20425,scn1a,10,1999,1.481815137615991,-1.3292029811709092,-2.356318953203403,-1.3264486350787132,2.049328098728117,1.0752379407075812
1410,-1.2972413793103448,0.4,-0.004900000000000002,0.4,-1.2950000000000002,-1.29825,scn1a,10,1999,0.17118693268792218,-0.2495646413627008,0.09294145541558939,-0.23418679350355168,0.18019735350321373,0.15387280470776796
1420,-1.2579310344827588,0.3,-0.0385,0.36666666666666664,-1.2155555555555555,-1.2769999999999997,scn1a,10,1999,0.5562684155791571,-0.7893838112668051,-1.4452856423339087,-0.598274074028606,0.8484115949211174,0.36216013598432384
1430,-1.3613793103448277,0.4,0.0005000000000000009,0.4666666666666667,-1.3649999999999998,-1.3597499999999996,scn1a,10,1999,-0.4571039078188347,-0.2495646413627008,0.34015652469675883,0.49398776754655566,-0.4085788312426267,-0.4489352363984904
1440,-1.1644827586206898,0.4,-0.011600000000000001,0.3,-1.2733333333333334,-1.1155000000000002,scn1a,10,1999,1.4716814143820096,-0.2495646413627008,-0.21378835276660216,-1.3264486350787132,0.362437601162642,1.9451438536861283
1450,-1.1993103448275861,0.6,0.011799999999999996,0.3333333333333333,-1.2533333333333334,-1.175,scn1a,10,1999,1.1305127321713546,0.8300736984455072,0.8574769474517981,-0.9623613545536597,0.5306593682328832,1.3619393261117787
1460,-1.2917241379310342,0.7,0.0246,0.4,-1.3494444444444444,-1.2657500000000002,scn1a,10,1999,0.22523345660248362,1.3698928683496112,1.4434682227849405,-0.23418679350355168,-0.2777396790768857,0.47242989960131837
1470,-1.1839655172413794,0.6,0.0067,0.3,-1.2227777777777777,-1.1664999999999999,scn1a,10,1999,1.2808296268087216,0.8300736984455072,0.6239960486862495,-1.3264486350787132,0.787664845701308,1.445254258622402
1480,-1.2612068965517242,0.4,-0.011000000000000001,0.36666666666666664,-1.2538888888888888,-1.2645,scn1a,10,1999,0.5241782920048879,-0.2495646413627008,-0.18632001173536114,-0.598274074028606,0.525986541369822,0.4846820955587647
1490,-1.1498275862068963,0.4,-0.013299999999999998,0.3,-1.1511111111111112,-1.1492499999999999,scn1a,10,1999,1.6152424935300627,-0.2495646413627008,-0.29161531902178495,-1.3264486350787132,1.3904595110363374,1.6143345628351338
1500,-1.2375862068965517,0.3,-0.0377,0.3,-1.2316666666666667,-1.24025,scn1a,10,1999,0.7555649725140968,-0.7893838112668051,-1.408661187625587,-1.3264486350787132,0.7128996158923114,0.7223746971331837
1510,-1.3015517241379313,0.1,-0.0364,0.4,-1.1833333333333333,-1.3547500000000001,scn1a,10,1999,0.12896308587966945,-1.8690221510750133,-1.349146448724565,-0.23418679350355168,1.1194355529787274,-0.39992645256871845
1520,-1.3320689655172415,0.5,-0.0013000000000000025,0.43333333333333335,-1.3566666666666667,-1.321,scn1a,10,1999,-0.16998174952273695,0.2902545285414032,0.25775150160303556,0.129900487021502,-0.33848642829669506,-0.06911716171771955
1530,-1.209655172413793,0.6,0.005599999999999999,0.3333333333333333,-1.2827777777777778,-1.1767499999999997,scn1a,10,1999,1.0291754998315563,0.8300736984455072,0.5736374234623075,-0.9623613545536597,0.2829995444905844,1.3447862517713596
1540,-1.3158620689655174,0.6,0.010400000000000001,0.4,-1.3905555555555555,-1.28225,scn1a,10,1999,-0.011220085523718242,0.8300736984455072,0.793384151712236,-0.23418679350355168,-0.6235288669434922,0.3107009129630557
1550,-1.276551724137931,0.4,-0.008600000000000003,0.43333333333333335,-1.2572222222222225,-1.28525,scn1a,10,1999,0.373861397367521,-0.2495646413627008,-0.0764466476103971,0.129900487021502,0.4979495801914461,0.28129564266518814
1560,-1.321206896551724,0.6,0.0019000000000000002,0.36666666666666664,-1.4033333333333333,-1.28425,scn1a,10,1999,-0.06357765556594581,0.8300736984455072,0.4042493204363212,-0.598274074028606,-0.731003884793924,0.2910973994311447
1570,-1.2774137931034484,0.3,-0.0346,0.4,-1.2416666666666667,-1.2934999999999999,scn1a,10,1999,0.3654166280058691,-0.7893838112668051,-1.2667414256308418,-0.23418679350355168,0.6287887323571909,0.20043114934605677
1580,-1.1986206896551723,0.4,-0.013699999999999995,0.36666666666666664,-1.1755555555555555,-1.209,scn1a,10,1999,1.137268547660675,-0.2495646413627008,-0.30992754637594555,-0.598274074028606,1.1848551290615998,1.0286795960692923
1590,-1.1984482758620687,0.2,-0.0459,0.26666666666666666,-1.1833333333333333,-1.20525,scn1a,10,1999,1.1389575015330065,-1.3292029811709092,-1.7840618483858817,-1.690535915603767,1.1194355529787274,1.0654361839416266
1600,-1.2374137931034481,0.4,-0.009000000000000001,0.36666666666666664,-1.2466666666666668,-1.23325,scn1a,10,1999,0.7572539263864285,-0.2495646413627008,-0.09475887496455768,-0.598274074028606,0.5867332905896296,0.7909869944948732
1610,-1.3422413793103447,0.7,0.015099999999999997,0.4666666666666667,-1.3905555555555555,-1.3205,scn1a,10,1999,-0.2696300279902036,1.3698928683496112,1.0085528231236238,0.49398776754655566,-0.6235288669434922,-0.06421628333474236
1620,-1.464137931034483,0.5,0.031400000000000004,0.5666666666666667,-1.4016666666666666,-1.4922499999999999,scn1a,10,1999,-1.4637204157275086,0.2902545285414032,1.7547760878056724,1.5862496091217166,-0.7169854042047369,-1.7476680078875935
1630,-1.3706896551724141,0.5,0.0037000000000000006,0.4666666666666667,-1.4055555555555554,-1.355,scn1a,10,1999,-0.548307416924656,0.2902545285414032,0.4866543435300444,0.49398776754655566,-0.7496951922461721,-0.40237689176020597
1640,-1.5389655172413794,0.7,0.0165,0.6,-1.5883333333333332,-1.51675,scn1a,10,1999,-2.1967263963187205,1.3698928683496112,1.0726456188631865,1.9503368896467703,-2.287055230193652,-1.9878110486535043
1650,-1.4008620689655173,0.6,0.0013000000000000012,0.4666666666666667,-1.4377777777777778,-1.3842500000000002,scn1a,10,1999,-0.8438743445824013,0.8300736984455072,0.37678097940508026,0.49398776754655566,-1.020719150303784,-0.6890782771644057
1660,-1.3460344827586206,0.8,0.0377,0.5,-1.4366666666666665,-1.30525,scn1a,10,1999,-0.3067870131814635,1.9097120382537158,2.0431936686337027,0.8580750480716094,-1.011373496577658,0.08526050734607848
1670,-1.363793103448276,0.9,0.0477,0.4666666666666667,-1.4766666666666666,-1.3130000000000002,scn1a,10,1999,-0.48074926203145424,2.4495312081578198,2.50099935248772,0.49398776754655566,-1.3478170307181403,0.009296892409922134
1680,-1.3044827586206902,0.5,-0.010900000000000005,0.43333333333333335,-1.3116666666666665,-1.30125,scn1a,10,1999,0.10025087005005706,0.2902545285414032,-0.18174195489682116,0.129900487021502,0.04001254761134855,0.12446753440990041
1690,-1.32448275862069,0.7,0.018699999999999998,0.43333333333333335,-1.3433333333333333,-1.316,scn1a,10,1999,-0.09566777914021937,1.3698928683496112,1.1733628693110703,0.129900487021502,-0.22633858358320033,-0.020108377887943226
1700,-1.276551724137931,0.6,0.0121,0.36666666666666664,-1.335,-1.2502500000000003,scn1a,10,1999,0.373861397367521,0.8300736984455072,0.8712111179674189,-0.598274074028606,-0.1562461806372668,0.6243571294736268
1710,-1.4729310344827586,0.4,-0.009199999999999998,0.5666666666666667,-1.4277777777777778,-1.49325,scn1a,10,1999,-1.5498570632163347,-0.2495646413627008,-0.1039149886416379,1.5862496091217166,-0.9366082667686634,-1.75746976465355
1720,-1.43,0.6,0.0187,0.5333333333333333,-1.4622222222222223,-1.4155000000000002,scn1a,10,1999,-1.1293075490061673,0.8300736984455072,1.1733628693110703,1.222162328596663,-1.2263235322785235,-0.9953831761005143
1730,-1.2934482758620691,0.3,-0.010400000000000003,0.43333333333333335,-1.2344444444444447,-1.32,scn1a,10,1999,0.20834391787917989,-0.7893838112668051,-0.15885167070412018,0.129900487021502,0.6895354815769984,-0.059315404951765155
1740,-1.3779310344827587,0.4,-0.004500000000000001,0.5,-1.353888888888889,-1.38875,scn1a,10,1999,-0.6192434795625125,-0.2495646413627008,0.11125368276975009,0.8580750480716094,-0.3151222939813839,-0.7331861826112026
1750,-1.1832758620689656,0.5,0.005399999999999999,0.3,-1.231111111111111,-1.16175,scn1a,10,1999,1.2875854422980417,0.2902545285414032,0.5644813097852273,-1.3264486350787132,0.7175724427553745,1.4918126032606887
1760,-1.3091379310344826,0.8,0.0264,0.43333333333333335,-1.4044444444444446,-1.26625,scn1a,10,1999,0.054649115497154024,1.9097120382537158,1.5258732458786635,0.129900487021502,-0.7403495385200499,0.4675290212183412
1770,-1.4308620689655174,0.8,0.039400000000000004,0.5,-1.5333333333333334,-1.38475,scn1a,10,1999,-1.137752318367819,1.9097120382537158,2.121020634888886,0.8580750480716094,-1.8244453707504917,-0.6939791555473808
1780,-1.3818965517241377,0.2,-0.015600000000000003,0.5,-1.2927777777777778,-1.4219999999999997,scn1a,10,1999,-0.6580894186260996,-1.3292029811709092,-0.3969106263082091,0.8580750480716094,0.1988886609554638,-1.0590945950792199
1790,-1.2670689655172416,0.6,0.003400000000000001,0.4,-1.34,-1.23425,scn1a,10,1999,0.4667538603456674,0.8300736984455072,0.47292017301442385,-0.23418679350355168,-0.19830162240482804,0.7811852377289167
1800,-1.3920689655172416,0.5,-0.0008999999999999994,0.5,-1.3877777777777776,-1.394,scn1a,10,1999,-0.7577376970935727,0.2902545285414032,0.2760637289571964,0.8580750480716094,-0.6001647326281792,-0.7846454056324687
1810,-1.1537931034482758,0.3,-0.03200000000000001,0.23333333333333334,-1.1672222222222222,-1.1477499999999998,scn1a,10,1999,1.576396554466471,-0.7893838112668051,-1.1477119478287976,-2.0546231961288206,1.2549475320075334,1.6290371979840674
1820,-1.5282758620689658,0.4,0.0026000000000000007,0.6,-1.4744444444444444,-1.5525,scn1a,10,1999,-2.092011256234263,-0.2495646413627008,0.4362957183061025,1.9503368896467703,-1.3291257232658922,-2.338223853036412
1830,-1.4170689655172415,0.5,0.0104,0.5,-1.3833333333333335,-1.43225,scn1a,10,1999,-1.0026360085814199,0.2902545285414032,0.793384151712236,0.8580750480716094,-0.5627821177236846,-1.1595626019302667
1840,-1.4743103448275863,0.7,0.009699999999999999,0.5666666666666667,-1.51,-1.45825,scn1a,10,1999,-1.5633686941949752,1.3698928683496112,0.7613377538424546,1.5862496091217166,-1.6281866425018763,-1.4144082778451093
1850,-1.2013793103448274,0.3,-0.018799999999999994,0.3,-1.1822222222222223,-1.21,scn1a,10,1999,1.1102452857033964,-0.7893838112668051,-0.5434084451414942,-1.3264486350787132,1.1287812067048515,1.018877839303338
1860,-1.3858620689655172,0.4,-0.017499999999999998,0.5333333333333333,-1.3538888888888887,-1.40025,scn1a,10,1999,-0.6969353576896912,-0.2495646413627008,-0.48389370624047223,1.222162328596663,-0.31512229398138203,-0.8459063854196912
1870,-1.296206896551724,0.4,-0.016099999999999996,0.43333333333333335,-1.2605555555555557,-1.31225,scn1a,10,1999,0.18132065592190355,-0.2495646413627008,-0.4198009105009097,0.129900487021502,0.4699126190130738,0.016648209984391194
1880,-1.3963793103448277,0.6,0.0327,0.5,-1.37,-1.4082500000000002,scn1a,10,1999,-0.7999615439018212,0.8300736984455072,1.8142908267066944,0.8580750480716094,-0.4506342730101898,-0.9243204395473372
1890,-1.2082758620689655,0.3,-0.015799999999999998,0.3333333333333333,-1.1961111111111111,-1.2137499999999999,scn1a,10,1999,1.0426871308101946,-0.7893838112668051,-0.40606673998528925,-0.9623613545536597,1.0119605351282956,0.9821212514310056
1900,-1.302068965517241,0.2,-0.023500000000000004,0.4,-1.2272222222222222,-1.3357500000000002,scn1a,10,1999,0.1238962242626853,-1.3292029811709092,-0.7585771165528828,-0.23418679350355168,0.7502822307968098,-0.21369307401556537
1910,-1.4086206896551725,0.4,-0.0007000000000000006,0.4666666666666667,-1.4355555555555555,-1.3964999999999999,scn1a,10,1999,-0.9198772688372505,-0.2495646413627008,0.2852198426342767,0.49398776754655566,-1.002027842851534,-0.8091497975473568
1920,-1.301896551724138,0.3,-0.018900000000000004,0.4,-1.2088888888888887,-1.3437500000000002,scn1a,10,1999,0.12558517813501044,-0.7893838112668051,-0.5479865019800348,-0.23418679350355168,0.9044855172778657,-0.2921071281432092
1930,-1.2589655172413794,0.4,-0.005900000000000002,0.3333333333333333,-1.2688888888888887,-1.2545,scn1a,10,1999,0.5461346923451779,-0.2495646413627008,0.047160887030187656,-0.9623613545536597,0.39982021606714213,0.5826996632183195
1940,-1.0651724137931036,0.2,-0.044700000000000004,0.2,-1.078888888888889,-1.059,scn1a,10,1999,2.444518844844082,-1.3292029811709092,-1.7291251663233997,-2.4187104766538745,1.9979270032344298,2.498943110962615
1950,-1.134310344827586,0.2,-0.0346,0.26666666666666666,-1.1105555555555555,-1.145,scn1a,10,1999,1.7672483420397613,-1.3292029811709092,-1.2667414256308418,-1.690535915603767,1.7315758720398828,1.655992029090443
1960,-1.3844827586206898,0.4,0.006799999999999998,0.4666666666666667,-1.366111111111111,-1.39275,scn1a,10,1999,-0.683423726711053,-0.2495646413627008,0.6285741055247895,0.49398776754655566,-0.4179244849687527,-0.7723932096750246
1970,-1.4144827586206898,0.5,0.001900000000000001,0.5333333333333333,-1.4177777777777778,-1.413,scn1a,10,1999,-0.9773017004964709,0.2902545285414032,0.4042493204363213,1.222162328596663,-0.8524973832335427,-0.9708787841856239
1980,-1.3427586206896553,0.3,-0.0188,0.43333333333333335,-1.2761111111111112,-1.3727499999999997,scn1a,10,1999,-0.27469688960719646,-0.7893838112668051,-0.5434084451414946,0.129900487021502,0.3390734668473308,-0.5763580743559128
0,-1.4956896551724146,0.7,0.029900000000000003,0.6,-1.5200000000000002,-1.4847499999999996,pah,10,453,-1.355267178602807,1.2293385689519112,1.237095474349902,1.4521671344584715,-1.3295510723397812,-1.2866889104272188
10,-1.3889655172413793,0.6,-0.0005000000000000004,0.5,-1.4283333333333335,-1.37125,pah,10,453,-0.1792978539507209,0.5108939507332619,-0.328587390772372,0.29897558650615624,-0.4016521427295843,-0.06192748658022357
20,-1.2486206896551724,0.4,-0.011899999999999999,0.3333333333333333,-1.2955555555555556,-1.2275,pah,10,453,1.367130304800153,-0.9259952857040367,-0.9157184651932245,-1.623010326747703,0.9423953977360942,1.4892571361334892
30,-1.284310344827586,0.4,-0.010600000000000002,0.4,-1.2649999999999997,-1.2929999999999997,pah,10,453,0.9738740039875851,-0.9259952857040367,-0.848764921618917,-0.8542159614461589,1.251695040939496,0.7824564906535056
40,-1.364137931034483,0.3,-0.0173,0.43333333333333335,-1.3244444444444445,-1.3820000000000001,pah,10,453,0.09427174661454134,-1.6444399039226862,-1.193833184655734,-0.46981877879538714,0.649966644161971,-0.17792911923533636
50,-1.2648275862068965,0.4,-0.047799999999999995,0.36666666666666664,-1.2666666666666666,-1.264,pah,10,453,1.188550148875605,-0.9259952857040367,-2.7646663223606467,-1.2386131440969312,1.2348241513102172,1.095391127583573
60,-1.311034482758621,0.4,0.007400000000000002,0.43333333333333335,-1.3227777777777778,-1.30575,pah,10,453,0.6794067256013588,-0.9259952857040367,0.07828414325611381,-0.46981877879538714,0.6668375337912478,0.6448731588997648
70,-1.1410344827586207,0.3,-0.0284,0.26666666666666666,-1.1188888888888888,-1.151,pah,10,453,2.552598573916301,-1.6444399039226862,-1.7655134413286697,-2.3918046920492464,2.730709698439381,2.314757126655917
80,-1.4284482758620693,0.4,0.0012000000000000008,0.5,-1.396111111111111,-1.4429999999999998,pah,10,453,-0.6143495104052095,-0.9259952857040367,-0.24103275686750794,0.29897558650615624,-0.07548160989690796,-0.836170941743413
90,-1.2996551724137932,0.8,0.026600000000000002,0.4,-1.4172222222222222,-1.2467499999999998,pah,10,453,0.804792792527106,1.9477831871705613,1.0671364791228133,-0.8542159614461589,-0.2891795452010739,1.2815332823092207
100,-1.4144827586206896,0.4,0.0027999999999999995,0.5,-1.3983333333333334,-1.42175,pah,10,453,-0.4604666100872432,-0.9259952857040367,-0.15862839554528305,0.29897558650615624,-0.09797612940261094,-0.6068653888205189
110,-1.3593103448275867,0.6,0.008599999999999998,0.5,-1.3244444444444445,-1.3749999999999998,pah,10,453,0.1474658356133398,0.5108939507332619,0.14008741424778234,0.29897558650615624,0.649966644161971,-0.10239317239014324
120,-1.3727586206896552,0.5,0.0076999999999999985,0.4666666666666667,-1.4105555555555556,-1.35575,pah,10,453,-0.0007176980261728496,-0.20755066748538736,0.09373496100403081,-0.08542159614461543,-0.22169598668396948,0.1053306814341253
130,-1.3477586206896555,0.5,-0.0077,0.4666666666666667,-1.3283333333333331,-1.3565,pah,10,453,0.2747516914319032,-0.20755066748538736,-0.6994070167223843,-0.08542159614461543,0.6106012350269959,0.0972375442721404
140,-1.3793103448275863,0.3,-0.005800000000000001,0.4666666666666667,-1.338888888888889,-1.3975,pah,10,453,-0.07290967595311906,-1.6444399039226862,-0.6015518376522422,-0.08542159614461543,0.5037522673749095,-0.34518728724968284
150,-1.463103448275862,0.5,0.0098,0.5666666666666667,-1.4305555555555556,-1.47775,pah,10,453,-0.9962070778608874,-0.20755066748538736,0.2018906852394511,1.0677699518076997,-0.4241466622352851,-1.2111529635820328
160,-1.413793103448276,0.6,0.0199,0.4666666666666667,-1.4744444444444444,-1.3865,pah,10,453,-0.45286745451598803,0.5108939507332619,0.7220682160859961,-0.08542159614461543,-0.8684134224728937,-0.22648794220724333
170,-1.4751724137931033,0.7,0.028500000000000004,0.6,-1.5061111111111112,-1.4612500000000002,pah,10,453,-1.1291923003578896,1.2293385689519112,1.1649916581929554,1.4521671344584715,-1.1889603254291436,-1.0331039460183749
180,-1.3618965517241381,0.5,-0.005800000000000001,0.4666666666666667,-1.3522222222222222,-1.36625,pah,10,453,0.11896900222112801,-0.20755066748538736,-0.6015518376522422,-0.08542159614461543,0.36878515034070064,-0.00797323883365841
190,-1.2251724137931035,0.7,0.0201,0.36666666666666664,-1.2694444444444446,-1.20525,pah,10,453,1.6255015942229025,1.2293385689519112,0.7323687612512743,-1.2386131440969312,1.2067060019280877,1.7293535386056997
200,-1.2534482758620689,0.4,-0.0127,0.3333333333333333,-1.2816666666666667,-1.24075,pah,10,453,1.3139362158013521,-0.9259952857040367,-0.9569206458543371,-1.623010326747703,1.0829861446467293,1.3462783796050952
210,-1.3334482758620687,0.4,0.009200000000000003,0.43333333333333335,-1.3644444444444446,-1.3195,pah,10,453,0.4324341695354995,-0.9259952857040367,0.17098904974361695,-0.46981877879538714,0.24506529305933986,0.4964989775967149
220,-1.3639655172413792,0.5,0.0084,0.4666666666666667,-1.4022222222222223,-1.34675,pah,10,453,0.09617153550736003,-0.20755066748538736,0.12978686908250428,-0.08542159614461543,-0.13734153853758835,0.20244832737794163
230,-1.3968965517241378,0.6,0.0325,0.5,-1.4283333333333335,-1.38275,pah,10,453,-0.2666881430201799,0.5108939507332619,1.3710025614985175,0.29897558650615624,-0.4016521427295843,-0.18602225639731887
240,-1.616551724137931,0.6,0.033800000000000004,0.7,-1.5705555555555555,-1.6372499999999999,pah,10,453,-2.6870191924656512,0.5108939507332619,1.4379561050728256,2.6053586824107864,-1.841301391094492,-2.932293466697421
250,-1.500344827586207,0.7,0.028800000000000003,0.6,-1.517777777777778,-1.4924999999999997,pah,10,453,-1.4065614787087868,1.2293385689519112,1.1804424759408725,1.4521671344584715,-1.3070565528340783,-1.3703179944343944
260,-1.4000000000000001,0.7,0.0359,0.5,-1.4383333333333335,-1.38275,pah,10,453,-0.30088434309084044,1.2293385689519112,1.5461118293082456,0.29897558650615624,-0.5028774805052422,-0.18602225639731887
270,-1.4231034482758624,0.6,0.017400000000000002,0.5333333333333333,-1.4766666666666666,-1.3989999999999998,pah,10,453,-0.5554560547279648,0.5108939507332619,0.5933114015200197,0.6833727691569279,-0.8909079419785945,-0.36137356157365025
280,-1.443448275862069,0.6,0.012300000000000002,0.5333333333333333,-1.495,-1.4202499999999998,pah,10,453,-0.7796311440800536,0.5108939507332619,0.3306474998054277,0.6833727691569279,-1.0764877279006355,-0.5906791144965468
290,-1.455344827586207,0.6,-0.004500000000000002,0.5333333333333333,-1.4477777777777776,-1.4587499999999998,pah,10,453,-0.9107165776842446,0.5108939507332619,-0.5345982940779345,0.6833727691569279,-0.5984791884044713,-1.0061268221450885
300,-1.4165517241379313,0.5,0.0097,0.5,-1.4194444444444445,-1.4152499999999997,pah,10,453,-0.4832640768010185,-0.20755066748538736,0.19674041265681208,0.29897558650615624,-0.3116740647067769,-0.5367248667499815
310,-1.3148275862068965,0.3,-0.0039,0.43333333333333335,-1.2972222222222223,-1.3227499999999999,pah,10,453,0.6376113699594456,-1.6444399039226862,-0.5036966585821,-0.46981877879538714,0.9255245081068174,0.4614287165614486
320,-1.362586206896552,0.6,0.007499999999999998,0.4666666666666667,-1.3783333333333334,-1.3555,pah,10,453,0.11136984664987039,0.5108939507332619,0.08343441583875266,-0.08542159614461543,0.10447454614870466,0.10802839382145439
330,-1.390344827586207,0.5,-0.011300000000000003,0.4666666666666667,-1.4427777777777777,-1.3667500000000001,pah,10,453,-0.19449616509323617,-0.20755066748538736,-0.8848168296973904,-0.08542159614461543,-0.5478665195166436,-0.013368663608316603
340,-1.446551724137931,0.5,0.005600000000000001,0.5666666666666667,-1.4316666666666664,-1.4532500000000002,pah,10,453,-0.8138273441507118,-0.20755066748538736,-0.014420763231389314,1.0677699518076997,-0.4353939219881332,-0.9467771496238725
350,-1.2351724137931035,0.4,-0.0279,0.36666666666666664,-1.24,-1.233,pah,10,453,1.5153138384396707,-0.9259952857040367,-1.7397620784154744,-1.2386131440969312,1.5047583853786373,1.4299074636122684
360,-1.4893103448275864,0.8,0.03849999999999999,0.6,-1.5833333333333333,-1.4469999999999998,pah,10,453,-1.2849749895686697,1.9477831871705613,1.6800189164568609,1.4521671344584715,-1.970644878252277,-0.8793343399406642
370,-1.3298275862068965,0.6,0.0192,0.43333333333333335,-1.3327777777777778,-1.3285,pah,10,453,0.47232973628459896,0.5108939507332619,0.6860163080075226,-0.46981877879538714,0.56561219601559,0.3993813316528986
380,-1.433793103448276,0.8,0.033999999999999996,0.5666666666666667,-1.5044444444444445,-1.4019999999999997,pah,10,453,-0.6732429660824518,1.9477831871705613,1.4482566502381031,1.0677699518076997,-1.172089435799867,-0.3937461102215874
390,-1.2368965517241381,0.4,-0.031000000000000007,0.36666666666666664,-1.1961111111111111,-1.25525,pah,10,453,1.4963159495115252,-0.9259952857040367,-1.8994205284772856,-1.2386131440969312,1.9490251456162457,1.1898110611400603
400,-1.4544827586206899,0.5,0.0029999999999999957,0.5333333333333333,-1.4094444444444445,-1.4747499999999998,pah,10,453,-0.9012176332201732,-0.20755066748538736,-0.14832785038000512,0.6833727691569279,-0.2104487269311191,-1.1787804149340932
410,-1.421034482758621,0.6,0.014499999999999996,0.5333333333333333,-1.4594444444444443,-1.40375,pah,10,453,-0.5326585880141919,0.5108939507332619,0.44395349662348665,0.6833727691569279,-0.7165754158094059,-0.4126300969328887
420,-1.381379310344828,0.7,0.017599999999999998,0.4666666666666667,-1.465,-1.34375,pah,10,453,-0.09570714266689438,1.2293385689519112,0.6036119466852976,-0.08542159614461543,-0.7728117145736622,0.2348208760258788
430,-1.242413793103448,0.4,-0.0082,0.3333333333333333,-1.2850000000000001,-1.2232499999999997,pah,10,453,1.4355227049414716,-0.9259952857040367,-0.7251583796355796,-1.623010326747703,1.049244365388176,1.535118246718072
440,-1.3900000000000001,0.5,0.009499999999999998,0.4666666666666667,-1.4333333333333331,-1.3704999999999998,pah,10,453,-0.19069658730760858,-0.20755066748538736,0.18643986749153385,-0.08542159614461543,-0.4522648116174099,-0.053834349418236276
